Accession	Organism	Kingdom	Length	Transmembrane_Helix
Q8BHK1	Mus musculus	Metazoa	323	True
P48526	Saccharomyces cerevisiae (strain ATCC 204508 / S288c)	Fungi	1002	False
Q8BG07	Mus musculus	Metazoa	503	False
Q9BXP2	Homo sapiens	Metazoa	914	True
P53226	Saccharomyces cerevisiae (strain ATCC 204508 / S288c)	Fungi	547	False
G3XA57	Mus musculus	Metazoa	512	False
P20290	Homo sapiens	Metazoa	206	False
Q9H8M2	Homo sapiens	Metazoa	597	False
Q9R237	Rattus norvegicus	Metazoa	708	False
Q9NZM5	Homo sapiens	Metazoa	478	False
Q6ZPR5	Mus musculus	Metazoa	823	False
Q39238	Arabidopsis thaliana	Plants	688	False
P10734	Drosophila melanogaster	Metazoa	429	False
Q9Y5Q8	Homo sapiens	Metazoa	519	False
Q86TS9	Homo sapiens	Metazoa	123	False
Q9D4H9	Mus musculus	Metazoa	941	False
Q9LEK8	Digitalis lanata	Plants	118	False
P59942	Homo sapiens	Metazoa	119	False
P82658	Arabidopsis thaliana	Plants	229	False
Q7SA90	Neurospora crassa (strain ATCC 24698 / 74-OR23-1A / CBS 708.71 / DSM 1257 / FGSC 987)	Fungi	453	False
Q9SU25	Arabidopsis thaliana	Plants	649	False
Q9U1W1	Caenorhabditis elegans	Metazoa	486	False
Q6PID8	Homo sapiens	Metazoa	442	False
O15374	Homo sapiens	Metazoa	487	True
P52503	Mus musculus	Metazoa	116	False
P54730	Saccharomyces cerevisiae (strain ATCC 204508 / S288c)	Fungi	416	False
P32500	Saccharomyces cerevisiae (strain ATCC 204508 / S288c)	Fungi	655	False
P48987	Drosophila melanogaster	Metazoa	312	False
Q9UDW3	Homo sapiens	Metazoa	170	False
Q17569	Caenorhabditis elegans	Metazoa	389	False
Q04073	Strongylocentrotus purpuratus	Metazoa	459	False
Q9Y6N1	Homo sapiens	Metazoa	276	False
Q94AN2	Arabidopsis thaliana	Plants	700	True
G5EDW5	Caenorhabditis elegans	Metazoa	952	False
Q07684	Saccharomyces cerevisiae (strain ATCC 204508 / S288c)	Fungi	458	False
P38688	Saccharomyces cerevisiae (strain ATCC 204508 / S288c)	Fungi	640	False
P40467	Saccharomyces cerevisiae (strain ATCC 204508 / S288c)	Fungi	964	False
Q9DCX2	Mus musculus	Metazoa	161	False
Q9BQ87	Homo sapiens	Metazoa	522	False
Q9ZW85	Arabidopsis thaliana	Plants	251	False
O88286	Mus musculus	Metazoa	1684	False
O13563	Saccharomyces cerevisiae (strain ATCC 204508 / S288c)	Fungi	156	False
Q7RXV8	Neurospora crassa (strain ATCC 24698 / 74-OR23-1A / CBS 708.71 / DSM 1257 / FGSC 987)	Fungi	449	False
Q9UJS0	Homo sapiens	Metazoa	675	False
Q14978	Homo sapiens	Metazoa	699	False
Q945P1	Arabidopsis thaliana	Plants	317	False
P37225	Solanum tuberosum	Plants	601	False
Q9XI19	Arabidopsis thaliana	Plants	328	False
P53720	Saccharomyces cerevisiae (strain ATCC 204508 / S288c)	Fungi	384	False
Q12063	Saccharomyces cerevisiae (strain ATCC 204508 / S288c)	Fungi	375	False
P47006	Saccharomyces cerevisiae (strain ATCC 204508 / S288c)	Fungi	233	False
Q9URV9	Schizosaccharomyces pombe (strain 972 / ATCC 24843)	Fungi	124	False
Q8VYI3	Arabidopsis thaliana	Plants	309	False
Q6L5B5	Oryza sativa subsp. japonica	Plants	248	False
Q8JFY9	Xenopus laevis	Metazoa	292	False
O75496	Homo sapiens	Metazoa	209	False
Q96EY5	Homo sapiens	Metazoa	273	False
Q9SNC0	Arabidopsis thaliana	Plants	182	False
A0A076FFM5	Ocimum basilicum	Plants	523	False
O64759	Arabidopsis thaliana	Plants	569	True
P62241	Homo sapiens	Metazoa	208	False
Q9FVW4	Arabidopsis thaliana	Plants	482	False
G5ECN5	Caenorhabditis elegans	Metazoa	388	False
P56347	Chlorella vulgaris	Plants	161	False
Q7M0E7	Rattus norvegicus	Metazoa	145	False
Q867Z4	Drosophila melanogaster	Metazoa	970	False
Q9NVR2	Homo sapiens	Metazoa	710	False
I1RAW4	Gibberella zeae (strain ATCC MYA-4620 / CBS 123657 / FGSC 9075 / NRRL 31084 / PH-1)	Fungi	316	False
O35260	Rattus norvegicus	Metazoa	514	False
Q69XJ0	Oryza sativa subsp. japonica	Plants	295	False
P06746	Homo sapiens	Metazoa	335	False
P54345	Chlamydomonas reinhardtii	Plants	156	False
Q80TT2	Mus musculus	Metazoa	1150	False
Q8WVT3	Homo sapiens	Metazoa	735	False
Q03862	Saccharomyces cerevisiae (strain ATCC 204508 / S288c)	Fungi	593	False
Q8IZA0	Homo sapiens	Metazoa	1049	True
Q5SS91	Mus musculus	Metazoa	320	True
P41161	Homo sapiens	Metazoa	510	False
Q93VM9	Arabidopsis thaliana	Plants	599	False
P38262	Saccharomyces cerevisiae (strain ATCC 204508 / S288c)	Fungi	535	False
Q86UQ0	Homo sapiens	Metazoa	364	False
Q9BUU2	Homo sapiens	Metazoa	404	False
Q6VMQ6	Homo sapiens	Metazoa	1270	False
P28328	Homo sapiens	Metazoa	305	False
Q9M9U5	Arabidopsis thaliana	Plants	382	False
Q94JZ8	Arabidopsis thaliana	Plants	468	False
P61244	Homo sapiens	Metazoa	160	False
Q5NCM1	Mus musculus	Metazoa	492	False
Q96HS1	Homo sapiens	Metazoa	289	True
Q08119	Saccharomyces cerevisiae (strain ATCC 204508 / S288c)	Fungi	714	False
P53911	Saccharomyces cerevisiae (strain ATCC 204508 / S288c)	Fungi	425	False
Q54T86	Dictyostelium discoideum	Other	568	False
Q99884	Homo sapiens	Metazoa	636	False
Q9GZQ3	Homo sapiens	Metazoa	224	False
Q6RFZ7	Rattus norvegicus	Metazoa	1039	False
Q9LU68	Arabidopsis thaliana	Plants	435	False
Q9QZA2	Rattus norvegicus	Metazoa	873	False
O43013	Schizosaccharomyces pombe (strain 972 / ATCC 24843)	Fungi	533	False
Q9U1H0	Drosophila melanogaster	Metazoa	1832	False
Q6DWJ6	Homo sapiens	Metazoa	353	False
Q9M3K7	Spinacia oleracea	Plants	101	False
P06454	Homo sapiens	Metazoa	111	False
Q05515	Saccharomyces cerevisiae (strain ATCC 204508 / S288c)	Fungi	481	False
Q9BYB4	Homo sapiens	Metazoa	327	False
O94916	Homo sapiens	Metazoa	1531	False
Q9SX85	Arabidopsis thaliana	Plants	887	False
O14338	Schizosaccharomyces pombe (strain 972 / ATCC 24843)	Fungi	891	False
Q86WV1	Homo sapiens	Metazoa	359	False
Q9LQ02	Arabidopsis thaliana	Plants	1453	False
A0A0D1CRC9	Mycosarcoma maydis	Fungi	534	False
P50861	Saccharomyces cerevisiae (strain ATCC 204508 / S288c)	Fungi	169	False
Q9N658	Drosophila melanogaster	Metazoa	541	False
Q80T69	Mus musculus	Metazoa	795	False
Q9M9F0	Arabidopsis thaliana	Plants	311	False
Q08297	Mus musculus	Metazoa	339	False
O49292	Arabidopsis thaliana	Plants	260	False
P40050	Saccharomyces cerevisiae (strain ATCC 204508 / S288c)	Fungi	688	False
Q9LY66	Arabidopsis thaliana	Plants	346	False
P07703	Saccharomyces cerevisiae (strain ATCC 204508 / S288c)	Fungi	335	False
A8K830	Homo sapiens	Metazoa	251	False
Q96HA7	Homo sapiens	Metazoa	1378	False
Q9JHH9	Mus musculus	Metazoa	205	False
P38227	Saccharomyces cerevisiae (strain ATCC 204508 / S288c)	Fungi	689	False
Q9YHY6	Xenopus laevis	Metazoa	1364	False
Q8NC56	Homo sapiens	Metazoa	503	False
Q2NL27	Bos taurus	Metazoa	190	False
Q9SGH4	Arabidopsis thaliana	Plants	220	False
Q8BYM8	Mus musculus	Metazoa	551	False
Q11107	Caenorhabditis elegans	Metazoa	2248	False
Q86TV6	Homo sapiens	Metazoa	843	False
Q8VZ80	Arabidopsis thaliana	Plants	539	False
Q64318	Mus musculus	Metazoa	1117	False
P38633	Saccharomyces cerevisiae (strain ATCC 204508 / S288c)	Fungi	127	False
Q19969	Caenorhabditis elegans	Metazoa	514	False
P18289	Drosophila melanogaster	Metazoa	289	False
Q12275	Saccharomyces cerevisiae (strain ATCC 204508 / S288c)	Fungi	1648	False
Q9M0A5	Arabidopsis thaliana	Plants	249	False
Q9VEB4	Drosophila melanogaster	Metazoa	560	False
Q9LTK0	Arabidopsis thaliana	Plants	191	False
Q9EPA0	Rattus norvegicus	Metazoa	957	False
Q8C0R7	Mus musculus	Metazoa	736	False
Q34807	Wickerhamomyces canadensis	Fungi	231	False
Q9UTH0	Schizosaccharomyces pombe (strain 972 / ATCC 24843)	Fungi	1162	False
Q9NUM3	Homo sapiens	Metazoa	307	True
Q00757	Emericella nidulans (strain FGSC A4 / ATCC 38163 / CBS 112.46 / NRRL 194 / M139)	Fungi	916	False
Q9V4Z9	Drosophila melanogaster	Metazoa	858	False
B4DJY2	Homo sapiens	Metazoa	109	True
Q9MAB9	Arabidopsis thaliana	Plants	117	False
P40993	Saccharomyces cerevisiae (strain ATCC 204508 / S288c)	Fungi	198	False
P36626	Schizosaccharomyces pombe (strain 972 / ATCC 24843)	Fungi	561	False
Q9VCP1	Drosophila melanogaster	Metazoa	424	False
Q16635	Homo sapiens	Metazoa	262	False
O74854	Schizosaccharomyces pombe (strain 972 / ATCC 24843)	Fungi	872	False
Q9DB60	Mus musculus	Metazoa	201	False
C8VP82	Emericella nidulans (strain FGSC A4 / ATCC 38163 / CBS 112.46 / NRRL 194 / M139)	Fungi	339	False
Q03281	Saccharomyces cerevisiae (strain ATCC 204508 / S288c)	Fungi	663	False
Q12440	Saccharomyces cerevisiae (strain ATCC 204508 / S288c)	Fungi	853	False
Q8BTW8	Mus musculus	Metazoa	588	False
Q9BVS5	Homo sapiens	Metazoa	477	False
P53784	Mus musculus	Metazoa	375	False
Q42342	Arabidopsis thaliana	Plants	134	False
Q802Y8	Danio rerio	Metazoa	671	False
P19541	Saccharomyces cerevisiae (strain ATCC 204508 / S288c)	Fungi	446	False
Q03631	Saccharomyces cerevisiae (strain ATCC 204508 / S288c)	Fungi	944	False
Q91YM2	Mus musculus	Metazoa	1499	False
Q96T68	Homo sapiens	Metazoa	719	False
Q04839	Saccharomyces cerevisiae (strain ATCC 204508 / S288c)	Fungi	188	False
P38824	Saccharomyces cerevisiae (strain ATCC 204508 / S288c)	Fungi	151	False
P26370	Saccharomyces cerevisiae (strain ATCC 204508 / S288c)	Fungi	528	False
O75844	Homo sapiens	Metazoa	475	True
Q501D5	Arabidopsis thaliana	Plants	589	False
P34224	Saccharomyces cerevisiae (strain ATCC 204508 / S288c)	Fungi	193	False
P21651	Saccharomyces cerevisiae (strain ATCC 204508 / S288c)	Fungi	314	False
P21784	Mus musculus	Metazoa	527	False
Q9Y4E5	Homo sapiens	Metazoa	1061	False
P53070	Saccharomyces cerevisiae (strain ATCC 204508 / S288c)	Fungi	669	False
Q8H110	Arabidopsis thaliana	Plants	337	False
P47140	Saccharomyces cerevisiae (strain ATCC 204508 / S288c)	Fungi	327	False
P87017	Aspergillus parasiticus (strain ATCC 56775 / NRRL 5862 / SRRC 143 / SU-1)	Fungi	278	False
Q9P7T4	Schizosaccharomyces pombe (strain 972 / ATCC 24843)	Fungi	1019	False
Q9WU79	Mus musculus	Metazoa	599	False
Q84U09	Brassica napus	Plants	215	False
O75689	Homo sapiens	Metazoa	374	False
P32198	Rattus norvegicus	Metazoa	773	True
Q9US06	Schizosaccharomyces pombe (strain 972 / ATCC 24843)	Fungi	456	False
Q9BUA3	Homo sapiens	Metazoa	381	False
Q9Y6M1	Homo sapiens	Metazoa	599	False
Q9VKD7	Drosophila melanogaster	Metazoa	253	True
P06738	Saccharomyces cerevisiae (strain ATCC 204508 / S288c)	Fungi	902	False
Q8C0L9	Mus musculus	Metazoa	675	False
Q80SU7	Mus musculus	Metazoa	2427	False
P78753	Schizosaccharomyces pombe (strain 972 / ATCC 24843)	Fungi	557	False
P38801	Saccharomyces cerevisiae (strain ATCC 204508 / S288c)	Fungi	184	False
Q384Y1	Trypanosoma brucei brucei (strain 927/4 GUTat10.1)	Other	929	False
O17850	Caenorhabditis elegans	Metazoa	317	False
Q584D1	Trypanosoma brucei brucei (strain 927/4 GUTat10.1)	Other	639	False
Q01750	Rattus norvegicus	Metazoa	249	False
P39103	Saccharomyces cerevisiae (strain ATCC 204508 / S288c)	Fungi	70	True
O74946	Schizosaccharomyces pombe (strain 972 / ATCC 24843)	Fungi	574	False
P40897	Saccharomyces cerevisiae (strain ATCC 204508 / S288c)	Fungi	799	False
Q9SY69	Arabidopsis thaliana	Plants	913	False
Q96IZ0	Homo sapiens	Metazoa	340	False
Q02732	Saccharomyces cerevisiae (strain ATCC 204508 / S288c)	Fungi	369	False
Q9LF68	Arabidopsis thaliana	Plants	177	False
Q12406	Saccharomyces cerevisiae (strain ATCC 204508 / S288c)	Fungi	477	False
Q8BVN3	Mus musculus	Metazoa	442	False
Q9FX53	Arabidopsis thaliana	Plants	406	False
B1AZ99	Mus musculus	Metazoa	396	False
P32807	Saccharomyces cerevisiae (strain ATCC 204508 / S288c)	Fungi	602	False
Q9HAB3	Homo sapiens	Metazoa	445	True
Q84K96	Crocus sativus	Plants	369	False
Q9HB75	Homo sapiens	Metazoa	910	False
Q3U8K7	Mus musculus	Metazoa	883	False
P40360	Saccharomyces cerevisiae (strain ATCC 204508 / S288c)	Fungi	574	False
O24606	Arabidopsis thaliana	Plants	628	False
P43616	Saccharomyces cerevisiae (strain ATCC 204508 / S288c)	Fungi	481	False
Q9FX31	Arabidopsis thaliana	Plants	722	False
Q12050	Saccharomyces cerevisiae (strain ATCC 204508 / S288c)	Fungi	791	False
O55081	Rattus norvegicus	Metazoa	1135	False
Q9Y241	Homo sapiens	Metazoa	93	True
Q6EPN6	Oryza sativa subsp. japonica	Plants	222	False
Q8N2Y8	Homo sapiens	Metazoa	1516	False
Q86WR0	Homo sapiens	Metazoa	208	True
Q9UKN8	Homo sapiens	Metazoa	822	False
O75665	Homo sapiens	Metazoa	1012	False
O95721	Homo sapiens	Metazoa	258	False
O70404	Mus musculus	Metazoa	101	False
O22161	Arabidopsis thaliana	Plants	930	False
Q9Z0Y7	Mus musculus	Metazoa	1216	False
Q19131	Caenorhabditis elegans	Metazoa	813	False
P34072	Saccharomyces cerevisiae (strain ATCC 204508 / S288c)	Fungi	584	False
Q09847	Schizosaccharomyces pombe (strain 972 / ATCC 24843)	Fungi	1325	False
P81269	Mus musculus	Metazoa	269	False
Q08230	Saccharomyces cerevisiae (strain ATCC 204508 / S288c)	Fungi	162	False
P40568	Saccharomyces cerevisiae (strain ATCC 204508 / S288c)	Fungi	576	False
Q9P5M9	Schizosaccharomyces pombe (strain 972 / ATCC 24843)	Fungi	257	False
Q93YQ3	Arabidopsis thaliana	Plants	323	False
P19973	Mus musculus	Metazoa	330	False
Q921G6	Mus musculus	Metazoa	680	False
Q9YH58	Gallus gallus	Metazoa	541	False
Q9SJZ6	Arabidopsis thaliana	Plants	219	False
Q9Y2Z9	Homo sapiens	Metazoa	468	False
P43897	Homo sapiens	Metazoa	325	False
P49917	Homo sapiens	Metazoa	911	False
P10664	Saccharomyces cerevisiae (strain ATCC 204508 / S288c)	Fungi	362	False
P22194	Schizosaccharomyces pombe (strain 972 / ATCC 24843)	Fungi	332	False
Q9CAQ2	Arabidopsis thaliana	Plants	114	False
O08574	Mus musculus	Metazoa	370	False
Q02890	Saccharomyces cerevisiae (strain ATCC 204508 / S288c)	Fungi	363	False
Q21443	Caenorhabditis elegans	Metazoa	566	False
Q99LY9	Mus musculus	Metazoa	106	False
Q6IR34	Mus musculus	Metazoa	673	False
Q96A26	Homo sapiens	Metazoa	154	False
Q9Z0X1	Mus musculus	Metazoa	612	False
Q9CQT6	Mus musculus	Metazoa	229	False
P25348	Saccharomyces cerevisiae (strain ATCC 204508 / S288c)	Fungi	183	False
O35047	Mus musculus	Metazoa	217	False
P04789	Trypanosoma brucei brucei	Other	250	False
F4J117	Arabidopsis thaliana	Plants	591	False
O74511	Schizosaccharomyces pombe (strain 972 / ATCC 24843)	Fungi	838	False
Q1K7L7	Neurospora crassa (strain ATCC 24698 / 74-OR23-1A / CBS 708.71 / DSM 1257 / FGSC 987)	Fungi	219	False
Q9UGC7	Homo sapiens	Metazoa	380	False
Q8WZ42	Homo sapiens	Metazoa	34350	False
Q99JB8	Mus musculus	Metazoa	424	False
P06652	Schizosaccharomyces pombe (strain 972 / ATCC 24843)	Fungi	596	False
Q8K136	Mus musculus	Metazoa	229	False
Q9VW27	Drosophila melanogaster	Metazoa	717	False
Q2TAL8	Homo sapiens	Metazoa	776	False
Q9NTM9	Homo sapiens	Metazoa	273	False
P62128	Spinacia oleracea	Plants	123	False
Q8TE02	Homo sapiens	Metazoa	300	False
P36144	Saccharomyces cerevisiae (strain ATCC 204508 / S288c)	Fungi	274	False
Q8WUG5	Homo sapiens	Metazoa	649	False
O74517	Schizosaccharomyces pombe (strain 972 / ATCC 24843)	Fungi	278	False
P10849	Saccharomyces cerevisiae (strain ATCC 204508 / S288c)	Fungi	440	False
P54861	Saccharomyces cerevisiae (strain ATCC 204508 / S288c)	Fungi	757	False
P57741	Arabidopsis thaliana	Plants	195	False
O08816	Rattus norvegicus	Metazoa	501	False
Q9CRB9	Mus musculus	Metazoa	227	False
Q9VNS0	Drosophila melanogaster	Metazoa	459	False
Q9SAL0	Arabidopsis thaliana	Plants	401	False
Q9DAA6	Mus musculus	Metazoa	195	False
Q00202	Emericella nidulans (strain FGSC A4 / ATCC 38163 / CBS 112.46 / NRRL 194 / M139)	Fungi	678	False
P0CT67	Schizosaccharomyces pombe (strain 972 / ATCC 24843)	Fungi	152	False
Q9NRN9	Homo sapiens	Metazoa	209	False
Q06266	Saccharomyces cerevisiae (strain ATCC 204508 / S288c)	Fungi	489	False
Q9BZC1	Homo sapiens	Metazoa	486	False
Q10429	Schizosaccharomyces pombe (strain 972 / ATCC 24843)	Fungi	875	False
Q9Y4K3	Homo sapiens	Metazoa	522	False
P78508	Homo sapiens	Metazoa	379	False
Q8VXP3	Chlamydomonas reinhardtii	Plants	1115	False
Q9WV31	Mus musculus	Metazoa	396	False
Q8N1N2	Homo sapiens	Metazoa	210	False
P57744	Saccharomyces cerevisiae (strain ATCC 204508 / S288c)	Fungi	87	False
P47138	Saccharomyces cerevisiae (strain ATCC 204508 / S288c)	Fungi	172	False
P57728	Schizosaccharomyces pombe (strain 972 / ATCC 24843)	Fungi	148	False
P0C7R1	Arabidopsis thaliana	Plants	239	False
Q9CZW6	Mus musculus	Metazoa	359	False
Q8TCY5	Homo sapiens	Metazoa	172	True
P22135	Saccharomyces cerevisiae (strain ATCC 204508 / S288c)	Fungi	325	False
P53251	Saccharomyces cerevisiae (strain ATCC 204508 / S288c)	Fungi	210	False
Q9P7Y0	Schizosaccharomyces pombe (strain 972 / ATCC 24843)	Fungi	395	False
Q8IXP5	Homo sapiens	Metazoa	288	False
Q8WXW3	Homo sapiens	Metazoa	757	False
Q9VU86	Drosophila melanogaster	Metazoa	1873	False
Q9D1E5	Mus musculus	Metazoa	489	True
Q9ERG0	Mus musculus	Metazoa	753	False
Q9P2G3	Homo sapiens	Metazoa	628	False
P21981	Mus musculus	Metazoa	686	False
Q06339	Saccharomyces cerevisiae (strain ATCC 204508 / S288c)	Fungi	672	False
P17890	Saccharomyces cerevisiae (strain ATCC 204508 / S288c)	Fungi	251	False
Q9VGH1	Drosophila melanogaster	Metazoa	520	False
O74740	Schizosaccharomyces pombe (strain 972 / ATCC 24843)	Fungi	797	False
Q6UWS5	Homo sapiens	Metazoa	81	False
O49570	Arabidopsis thaliana	Plants	650	False
P00950	Saccharomyces cerevisiae (strain ATCC 204508 / S288c)	Fungi	247	False
O60104	Schizosaccharomyces pombe (strain 972 / ATCC 24843)	Fungi	376	False
Q8R4C2	Mus musculus	Metazoa	606	False
Q7XJJ7	Arabidopsis thaliana	Plants	607	False
P85845	Rattus norvegicus	Metazoa	493	False
Q6P926	Mus musculus	Metazoa	205	False
Q9VZM7	Drosophila melanogaster	Metazoa	631	False
Q02046	Saccharomyces cerevisiae (strain ATCC 204508 / S288c)	Fungi	320	False
P0DP88	Danio rerio	Metazoa	75	True
P80483	Amphidinium carterae	Other	323	False
Q9NWT6	Homo sapiens	Metazoa	349	False
Q9SX77	Arabidopsis thaliana	Plants	257	False
Q9BSN7	Homo sapiens	Metazoa	226	True
Q6ZJM9	Oryza sativa subsp. japonica	Plants	563	False
Q49B96	Homo sapiens	Metazoa	90	False
P33201	Saccharomyces cerevisiae (strain ATCC 204508 / S288c)	Fungi	236	False
Q03761	Saccharomyces cerevisiae (strain ATCC 204508 / S288c)	Fungi	539	False
P18886	Rattus norvegicus	Metazoa	658	False
Q56P42	Homo sapiens	Metazoa	97	False
Q9LEX1	Arabidopsis thaliana	Plants	510	True
O94740	Schizosaccharomyces pombe (strain 972 / ATCC 24843)	Fungi	466	False
P40038	Saccharomyces cerevisiae (strain ATCC 204508 / S288c)	Fungi	420	False
Q9D219	Mus musculus	Metazoa	1425	False
Q924C5	Mus musculus	Metazoa	1680	False
P32338	Saccharomyces cerevisiae (strain ATCC 204508 / S288c)	Fungi	300	False
Q9C103	Schizosaccharomyces pombe (strain 972 / ATCC 24843)	Fungi	735	False
Q6XQN6	Homo sapiens	Metazoa	538	False
Q9FJK3	Arabidopsis thaliana	Plants	321	False
Q9UBC1	Homo sapiens	Metazoa	381	False
Q3EBQ3	Arabidopsis thaliana	Plants	807	False
O59740	Schizosaccharomyces pombe (strain 972 / ATCC 24843)	Fungi	522	False
Q6P589	Homo sapiens	Metazoa	184	False
G5EG17	Caenorhabditis elegans	Metazoa	1149	False
Q04613	Arabidopsis thaliana	Plants	192	True
Q9H0E3	Homo sapiens	Metazoa	1048	False
P38768	Saccharomyces cerevisiae (strain ATCC 204508 / S288c)	Fungi	344	False
Q90Z80	Xenopus laevis	Metazoa	392	False
Q9NZN9	Homo sapiens	Metazoa	384	False
P32336	Saccharomyces cerevisiae (strain ATCC 204508 / S288c)	Fungi	851	False
O82245	Arabidopsis thaliana	Plants	196	False
P0CT69	Schizosaccharomyces pombe (strain 972 / ATCC 24843)	Fungi	176	False
P61459	Rattus norvegicus	Metazoa	104	False
Q96CM3	Homo sapiens	Metazoa	377	False
P82929	Bos taurus	Metazoa	218	False
Q9S7E9	Arabidopsis thaliana	Plants	481	False
P41895	Saccharomyces cerevisiae (strain ATCC 204508 / S288c)	Fungi	735	False
A0JN39	Bos taurus	Metazoa	953	False
Q8NG66	Homo sapiens	Metazoa	645	False
Q96MI9	Homo sapiens	Metazoa	1112	False
Q9Y2D8	Homo sapiens	Metazoa	614	False
Q8BGW0	Mus musculus	Metazoa	636	False
Q9NVV9	Homo sapiens	Metazoa	213	False
Q07950	Saccharomyces cerevisiae (strain ATCC 204508 / S288c)	Fungi	538	False
Q14CX5	Homo sapiens	Metazoa	517	True
Q03124	Saccharomyces cerevisiae (strain ATCC 204508 / S288c)	Fungi	581	False
P32344	Saccharomyces cerevisiae (strain ATCC 204508 / S288c)	Fungi	111	False
P58418	Homo sapiens	Metazoa	232	True
Q0J995	Oryza sativa subsp. japonica	Plants	424	False
P33308	Saccharomyces cerevisiae (strain ATCC 204508 / S288c)	Fungi	149	False
F4JZG9	Arabidopsis thaliana	Plants	384	False
Q91WV7	Mus musculus	Metazoa	685	False
P38996	Saccharomyces cerevisiae (strain ATCC 204508 / S288c)	Fungi	802	False
Q9BV90	Homo sapiens	Metazoa	132	False
Q9LSD0	Arabidopsis thaliana	Plants	332	False
P03069	Saccharomyces cerevisiae (strain ATCC 204508 / S288c)	Fungi	281	False
Q9Y6P5	Homo sapiens	Metazoa	492	False
P38204	Saccharomyces cerevisiae (strain ATCC 204508 / S288c)	Fungi	145	False
Q9USY8	Schizosaccharomyces pombe (strain 972 / ATCC 24843)	Fungi	166	False
Q501D2	Arabidopsis thaliana	Plants	572	False
Q8N2F6	Homo sapiens	Metazoa	343	True
P38890	Saccharomyces cerevisiae (strain ATCC 204508 / S288c)	Fungi	526	False
Q9FL12	Arabidopsis thaliana	Plants	592	False
Q13868	Homo sapiens	Metazoa	293	False
P57736	Tetradesmus obliquus	Plants	89	False
Q9UL49	Homo sapiens	Metazoa	500	False
Q8L960	Arabidopsis thaliana	Plants	410	False
P07954	Homo sapiens	Metazoa	510	False
Q3U284	Mus musculus	Metazoa	315	True
P31949	Homo sapiens	Metazoa	105	False
P43569	Saccharomyces cerevisiae (strain ATCC 204508 / S288c)	Fungi	289	False
Q96N11	Homo sapiens	Metazoa	449	False
Q7RX40	Neurospora crassa (strain ATCC 24698 / 74-OR23-1A / CBS 708.71 / DSM 1257 / FGSC 987)	Fungi	158	False
P38241	Saccharomyces cerevisiae (strain ATCC 204508 / S288c)	Fungi	364	False
Q84MZ4	Arabidopsis thaliana	Plants	412	False
Q96NC0	Homo sapiens	Metazoa	199	False
Q9UU91	Schizosaccharomyces pombe (strain 972 / ATCC 24843)	Fungi	182	True
Q12340	Saccharomyces cerevisiae (strain ATCC 204508 / S288c)	Fungi	786	False
Q84XV2	Arabidopsis thaliana	Plants	386	False
Q14DK4	Mus musculus	Metazoa	801	False
Q8VYM2	Arabidopsis thaliana	Plants	524	True
Q18PE0	Mus musculus	Metazoa	504	False
Q9LK29	Arabidopsis thaliana	Plants	307	False
Q12749	Saccharomyces cerevisiae (strain ATCC 204508 / S288c)	Fungi	1114	False
P36163	Saccharomyces cerevisiae (strain ATCC 204508 / S288c)	Fungi	345	True
Q7TS63	Mus musculus	Metazoa	1237	False
Q8IJX8	Plasmodium falciparum (isolate 3D7)	Other	107	False
Q6YN16	Homo sapiens	Metazoa	418	False
O74458	Schizosaccharomyces pombe (strain 972 / ATCC 24843)	Fungi	1006	False
Q06338	Saccharomyces cerevisiae (strain ATCC 204508 / S288c)	Fungi	283	False
Q8GWA2	Arabidopsis thaliana	Plants	273	False
Q9JJK1	Rattus norvegicus	Metazoa	265	True
Q01519	Saccharomyces cerevisiae (strain ATCC 204508 / S288c)	Fungi	83	False
O88339	Rattus norvegicus	Metazoa	575	False
Q05779	Saccharomyces cerevisiae (strain ATCC 204508 / S288c)	Fungi	260	False
Q9U1H9	Drosophila melanogaster	Metazoa	672	False
Q9NX70	Homo sapiens	Metazoa	200	False
P39985	Saccharomyces cerevisiae (strain ATCC 204508 / S288c)	Fungi	1022	False
Q6TCH4	Homo sapiens	Metazoa	344	True
Q07980	Saccharomyces cerevisiae (strain ATCC 204508 / S288c)	Fungi	695	False
Q04341	Saccharomyces cerevisiae (strain ATCC 204508 / S288c)	Fungi	121	False
Q9UHH9	Homo sapiens	Metazoa	426	False
Q8VZB2	Arabidopsis thaliana	Plants	221	True
Q9NPI8	Homo sapiens	Metazoa	374	False
Q23500	Caenorhabditis elegans	Metazoa	887	False
P38278	Saccharomyces cerevisiae (strain ATCC 204508 / S288c)	Fungi	337	False
O09174	Mus musculus	Metazoa	381	False
Q9NQC7	Homo sapiens	Metazoa	956	False
P51998	Saccharomyces cerevisiae (strain ATCC 204508 / S288c)	Fungi	286	False
P0C2B6	Bos taurus	Metazoa	128	False
Q04964	Saccharomyces cerevisiae (strain ATCC 204508 / S288c)	Fungi	104	False
Q9US14	Schizosaccharomyces pombe (strain 972 / ATCC 24843)	Fungi	268	False
Q5VRD7	Oryza sativa subsp. japonica	Plants	53	True
Q5JPI9	Homo sapiens	Metazoa	236	False
Q06596	Saccharomyces cerevisiae (strain ATCC 204508 / S288c)	Fungi	294	False
Q96QD9	Homo sapiens	Metazoa	318	False
P91082	Caenorhabditis elegans	Metazoa	317	False
Q7RWZ7	Neurospora crassa (strain ATCC 24698 / 74-OR23-1A / CBS 708.71 / DSM 1257 / FGSC 987)	Fungi	201	False
Q8VY74	Arabidopsis thaliana	Plants	333	False
Q9USP0	Schizosaccharomyces pombe (strain 972 / ATCC 24843)	Fungi	341	False
Q78T81	Mus musculus	Metazoa	392	False
P02314	Gallus gallus	Metazoa	90	False
Q8SSG3	Encephalitozoon cuniculi (strain GB-M1)	Fungi	128	False
Q9USU8	Schizosaccharomyces pombe (strain 972 / ATCC 24843)	Fungi	551	False
O74381	Schizosaccharomyces pombe (strain 972 / ATCC 24843)	Fungi	467	False
Q02825	Saccharomyces cerevisiae (strain ATCC 204508 / S288c)	Fungi	467	False
Q9P7P1	Schizosaccharomyces pombe (strain 972 / ATCC 24843)	Fungi	147	False
Q99M87	Mus musculus	Metazoa	480	False
Q02297	Homo sapiens	Metazoa	640	False
Q09969	Caenorhabditis elegans	Metazoa	221	False
Q7L5D6	Homo sapiens	Metazoa	327	False
Q9UJA2	Homo sapiens	Metazoa	301	False
Q86TG1	Homo sapiens	Metazoa	271	True
P22136	Saccharomyces cerevisiae (strain ATCC 204508 / S288c)	Fungi	580	False
Q9URY2	Schizosaccharomyces pombe (strain 972 / ATCC 24843)	Fungi	474	False
Q6C354	Yarrowia lipolytica (strain CLIB 122 / E 150)	Fungi	520	False
O45495	Caenorhabditis elegans	Metazoa	139	False
Q9CPU2	Mus musculus	Metazoa	105	False
P40084	Saccharomyces cerevisiae (strain ATCC 204508 / S288c)	Fungi	226	False
O35658	Mus musculus	Metazoa	278	False
Q9BVJ7	Homo sapiens	Metazoa	150	False
P53082	Saccharomyces cerevisiae (strain ATCC 204508 / S288c)	Fungi	120	False
Q9BZ67	Homo sapiens	Metazoa	464	False
Q42418	Arabidopsis thaliana	Plants	131	False
Q1PDI2	Arabidopsis thaliana	Plants	487	False
Q9U405	Drosophila melanogaster	Metazoa	570	False
Q9UL03	Homo sapiens	Metazoa	887	False
Q96AE7	Homo sapiens	Metazoa	1141	False
C0HLU2	Homo sapiens	Metazoa	46	False
O13351	Schizosaccharomyces pombe (strain 972 / ATCC 24843)	Fungi	117	False
O09171	Rattus norvegicus	Metazoa	407	False
O35683	Mus musculus	Metazoa	70	True
Q9SHJ5	Arabidopsis thaliana	Plants	585	False
Q96Q15	Homo sapiens	Metazoa	3661	False
Q9HB71	Homo sapiens	Metazoa	228	False
Q8TAF3	Homo sapiens	Metazoa	677	False
O17514	Caenorhabditis elegans	Metazoa	773	False
O74954	Schizosaccharomyces pombe (strain 972 / ATCC 24843)	Fungi	613	False
Q969G3	Homo sapiens	Metazoa	411	False
P23225	Zea mays	Plants	1616	False
A0A386CAB9	Danio rerio	Metazoa	1355	False
Q12182	Saccharomyces cerevisiae (strain ATCC 204508 / S288c)	Fungi	319	False
Q9M3C6	Arabidopsis thaliana	Plants	277	False
Q5DT39	Rattus norvegicus	Metazoa	243	False
P53330	Saccharomyces cerevisiae (strain ATCC 204508 / S288c)	Fungi	157	False
B2RW88	Mus musculus	Metazoa	366	False
P42840	Saccharomyces cerevisiae (strain ATCC 204508 / S288c)	Fungi	284	True
P43586	Saccharomyces cerevisiae (strain ATCC 204508 / S288c)	Fungi	204	False
P49906	Drosophila melanogaster	Metazoa	196	False
P25368	Saccharomyces cerevisiae (strain ATCC 204508 / S288c)	Fungi	297	False
Q0WV90	Arabidopsis thaliana	Plants	1120	False
Q9FLI7	Arabidopsis thaliana	Plants	108	False
Q42529	Arabidopsis thaliana	Plants	312	False
Q0WMY5	Arabidopsis thaliana	Plants	952	False
A0A075TRA9	Penicillium expansum	Fungi	546	True
Q09838	Schizosaccharomyces pombe (strain 972 / ATCC 24843)	Fungi	681	False
P32048	Saccharomyces cerevisiae (strain ATCC 204508 / S288c)	Fungi	576	False
Q9UJX5	Homo sapiens	Metazoa	808	False
Q05776	Saccharomyces cerevisiae (strain ATCC 204508 / S288c)	Fungi	175	False
P78524	Homo sapiens	Metazoa	1137	False
Q0WVF8	Arabidopsis thaliana	Plants	1134	False
E9Q3G8	Mus musculus	Metazoa	1462	False
Q9VJV8	Drosophila melanogaster	Metazoa	361	False
Q8LGJ5	Arabidopsis thaliana	Plants	276	False
P38271	Saccharomyces cerevisiae (strain ATCC 204508 / S288c)	Fungi	328	False
B4XT64	Oryza sativa subsp. japonica	Plants	582	False
Q96P65	Homo sapiens	Metazoa	431	False
Q9BXU7	Homo sapiens	Metazoa	913	False
Q7K556	Drosophila melanogaster	Metazoa	475	False
O22682	Arabidopsis thaliana	Plants	404	False
Q9C5W3	Arabidopsis thaliana	Plants	985	False
O43482	Homo sapiens	Metazoa	229	False
P53114	Saccharomyces cerevisiae (strain ATCC 204508 / S288c)	Fungi	1132	False
Q9SQR5	Arabidopsis thaliana	Plants	554	False
Q8R3P9	Mus musculus	Metazoa	1054	False
P32792	Saccharomyces cerevisiae (strain ATCC 204508 / S288c)	Fungi	385	False
Q06506	Saccharomyces cerevisiae (strain ATCC 204508 / S288c)	Fungi	573	False
O08691	Mus musculus	Metazoa	354	False
G5EEH9	Caenorhabditis elegans	Metazoa	1678	False
Q12904	Homo sapiens	Metazoa	312	False
P36160	Saccharomyces cerevisiae (strain ATCC 204508 / S288c)	Fungi	344	False
Q8VHL0	Mus musculus	Metazoa	384	True
Q5A4H5	Candida albicans (strain SC5314 / ATCC MYA-2876)	Fungi	731	False
Q8IWL3	Homo sapiens	Metazoa	235	False
Q8C206	Mus musculus	Metazoa	330	False
V5IRA3	Neurospora crassa (strain ATCC 24698 / 74-OR23-1A / CBS 708.71 / DSM 1257 / FGSC 987)	Fungi	95	False
Q95ZL9	Caenorhabditis elegans	Metazoa	152	False
P34909	Saccharomyces cerevisiae (strain ATCC 204508 / S288c)	Fungi	587	False
O64973	Arabidopsis thaliana	Plants	889	False
Q9ZV06	Arabidopsis thaliana	Plants	236	False
Q8VCM2	Mus musculus	Metazoa	349	False
O00287	Homo sapiens	Metazoa	272	False
Q9H9D4	Homo sapiens	Metazoa	720	False
Q75QN2	Homo sapiens	Metazoa	995	False
O14492	Homo sapiens	Metazoa	632	False
Q7S5M7	Neurospora crassa (strain ATCC 24698 / 74-OR23-1A / CBS 708.71 / DSM 1257 / FGSC 987)	Fungi	64	True
G5EC23	Caenorhabditis elegans	Metazoa	782	False
Q8TF63	Homo sapiens	Metazoa	244	False
Q96EH3	Homo sapiens	Metazoa	234	False
O75127	Homo sapiens	Metazoa	700	False
Q9BSJ5	Homo sapiens	Metazoa	609	False
Q12405	Saccharomyces cerevisiae (strain ATCC 204508 / S288c)	Fungi	387	False
Q8UUZ1	Danio rerio	Metazoa	359	False
P47093	Saccharomyces cerevisiae (strain ATCC 204508 / S288c)	Fungi	109	False
P32380	Saccharomyces cerevisiae (strain ATCC 204508 / S288c)	Fungi	944	False
Q04724	Homo sapiens	Metazoa	770	False
Q9BRT2	Homo sapiens	Metazoa	126	False
P32567	Saccharomyces cerevisiae (strain ATCC 204508 / S288c)	Fungi	862	False
Q8R4N0	Mus musculus	Metazoa	338	False
Q24434	Drosophila melanogaster	Metazoa	479	False
B9EJG8	Homo sapiens	Metazoa	249	True
P38883	Saccharomyces cerevisiae (strain ATCC 204508 / S288c)	Fungi	763	False
Q06091	Saccharomyces cerevisiae (strain ATCC 204508 / S288c)	Fungi	175	False
Q9FNC7	Arabidopsis thaliana	Plants	717	False
P53944	Saccharomyces cerevisiae (strain ATCC 204508 / S288c)	Fungi	314	False
P63212	Bos taurus	Metazoa	71	False
Q9FRL5	Arabidopsis thaliana	Plants	309	False
Q09761	Schizosaccharomyces pombe (strain 972 / ATCC 24843)	Fungi	699	False
O94538	Schizosaccharomyces pombe (strain 972 / ATCC 24843)	Fungi	649	False
Q9C950	Arabidopsis thaliana	Plants	643	False
Q9FIG9	Arabidopsis thaliana	Plants	801	False
Q9H0A8	Homo sapiens	Metazoa	199	False
Q9P2N6	Homo sapiens	Metazoa	904	False
O95273	Homo sapiens	Metazoa	360	False
Q8TEA8	Homo sapiens	Metazoa	209	False
O60683	Homo sapiens	Metazoa	326	False
C4R5T1	Komagataella phaffii (strain GS115 / ATCC 20864)	Fungi	384	False
Q9NWU2	Homo sapiens	Metazoa	228	False
Q7XI96	Oryza sativa subsp. japonica	Plants	298	False
A0PJY2	Homo sapiens	Metazoa	475	False
P53212	Saccharomyces cerevisiae (strain ATCC 204508 / S288c)	Fungi	290	False
P32372	Schizosaccharomyces pombe (strain 972 / ATCC 24843)	Fungi	648	False
Q9LV14	Arabidopsis thaliana	Plants	520	False
Q9LD43	Arabidopsis thaliana	Plants	769	False
Q9H1I8	Homo sapiens	Metazoa	757	False
Q93WX6	Arabidopsis thaliana	Plants	463	False
Q810J8	Mus musculus	Metazoa	777	False
P40460	Saccharomyces cerevisiae (strain ATCC 204508 / S288c)	Fungi	691	False
Q9UI36	Homo sapiens	Metazoa	758	False
Q9BW66	Homo sapiens	Metazoa	212	False
P80680	Zea mays	Plants	97	False
Q9U213	Caenorhabditis elegans	Metazoa	425	False
Q9GZT6	Homo sapiens	Metazoa	254	False
A0A286YD83	Mus musculus	Metazoa	63	True
Q9QX74	Rattus norvegicus	Metazoa	1474	False
Q06102	Saccharomyces cerevisiae (strain ATCC 204508 / S288c)	Fungi	208	False
P06391	Nicotiana tabacum	Plants	93	False
P22265	Drosophila melanogaster	Metazoa	954	False
Q86BP6	Drosophila melanogaster	Metazoa	1162	False
P07269	Saccharomyces cerevisiae (strain ATCC 204508 / S288c)	Fungi	559	False
P19440	Homo sapiens	Metazoa	569	False
Q9M7J4	Nicotiana tabacum	Plants	722	False
Q09330	Schizosaccharomyces pombe (strain 972 / ATCC 24843)	Fungi	199	False
Q6AYD3	Rattus norvegicus	Metazoa	394	False
P48382	Homo sapiens	Metazoa	616	False
P30307	Homo sapiens	Metazoa	473	False
Q9H190	Homo sapiens	Metazoa	292	False
Q96CW1	Homo sapiens	Metazoa	435	False
Q9UJQ4	Homo sapiens	Metazoa	1053	False
O95229	Homo sapiens	Metazoa	277	False
Q9DC04	Mus musculus	Metazoa	966	False
P46060	Homo sapiens	Metazoa	587	False
P46997	Saccharomyces cerevisiae (strain ATCC 204508 / S288c)	Fungi	583	False
Q9UIA9	Homo sapiens	Metazoa	1087	False
Q9Y2I9	Homo sapiens	Metazoa	924	False
Q9FMW8	Arabidopsis thaliana	Plants	354	False
Q07688	Saccharomyces cerevisiae (strain ATCC 204508 / S288c)	Fungi	167	False
Q8NFH4	Homo sapiens	Metazoa	326	False
P53004	Homo sapiens	Metazoa	296	False
Q15013	Homo sapiens	Metazoa	274	False
Q94CV1	Oryza sativa subsp. japonica	Plants	228	False
Q9UQY9	Schizosaccharomyces pombe (strain 972 / ATCC 24843)	Fungi	429	False
Q9LDC0	Arabidopsis thaliana	Plants	365	False
Q5EAJ7	Strongylocentrotus purpuratus	Metazoa	857	False
Q03305	Saccharomyces cerevisiae (strain ATCC 204508 / S288c)	Fungi	412	False
O13992	Schizosaccharomyces pombe (strain 972 / ATCC 24843)	Fungi	965	False
Q06598	Saccharomyces cerevisiae (strain ATCC 204508 / S288c)	Fungi	404	True
P51795	Homo sapiens	Metazoa	816	False
A0A1S4BDC4	Nicotiana tabacum	Plants	790	False
Q9CQE1	Mus musculus	Metazoa	247	False
A0A0N7KIY3	Oryza sativa subsp. japonica	Plants	352	False
Q12188	Saccharomyces cerevisiae (strain ATCC 204508 / S288c)	Fungi	680	False
Q8SUF9	Encephalitozoon cuniculi (strain GB-M1)	Fungi	553	True
P34231	Saccharomyces cerevisiae (strain ATCC 204508 / S288c)	Fungi	750	False
O14336	Schizosaccharomyces pombe (strain 972 / ATCC 24843)	Fungi	461	False
O82259	Arabidopsis thaliana	Plants	225	False
P84090	Homo sapiens	Metazoa	104	False
Q18490	Caenorhabditis elegans	Metazoa	142	False
Q96TC7	Homo sapiens	Metazoa	470	True
Q93YU5	Arabidopsis thaliana	Plants	1053	False
Q12383	Saccharomyces cerevisiae (strain ATCC 204508 / S288c)	Fungi	476	False
Q9NP71	Homo sapiens	Metazoa	852	False
Q0ZLH2	Mus musculus	Metazoa	352	False
Q8TEX9	Homo sapiens	Metazoa	1081	False
A0A509AER3	Plasmodium berghei (strain Anka)	Other	247	False
Q8WUX2	Homo sapiens	Metazoa	184	False
P32259	Saccharomyces cerevisiae (strain ATCC 204508 / S288c)	Fungi	974	False
Q93V85	Arabidopsis thaliana	Plants	417	False
Q0DUR2	Oryza sativa subsp. japonica	Plants	92	False
Q60864	Mus musculus	Metazoa	543	False
P97376	Mus musculus	Metazoa	258	False
Q94BU8	Arabidopsis thaliana	Plants	185	False
Q8N328	Homo sapiens	Metazoa	593	False
Q0WSX8	Arabidopsis thaliana	Plants	255	False
Q8GZM7	Arabidopsis thaliana	Plants	478	False
Q0D2I5	Homo sapiens	Metazoa	559	False
P59055	Mus musculus	Metazoa	597	False
P38850	Saccharomyces cerevisiae (strain ATCC 204508 / S288c)	Fungi	1070	False
Q08062	Zea mays	Plants	332	False
Q8IX21	Homo sapiens	Metazoa	1173	False
Q8W487	Arabidopsis thaliana	Plants	250	False
F4IDB2	Arabidopsis thaliana	Plants	1325	False
F4JV80	Arabidopsis thaliana	Plants	155	False
Q16873	Homo sapiens	Metazoa	150	True
Q5SV85	Mus musculus	Metazoa	1306	False
Q9UTQ4	Schizosaccharomyces pombe (strain 972 / ATCC 24843)	Fungi	244	False
P53804	Homo sapiens	Metazoa	2025	False
P35244	Homo sapiens	Metazoa	121	False
Q8L7S5	Arabidopsis thaliana	Plants	642	False
Q54HC6	Dictyostelium discoideum	Other	1460	False
Q9ASS2	Arabidopsis thaliana	Plants	601	False
Q8VY15	Arabidopsis thaliana	Plants	899	False
Q02614	Mus musculus	Metazoa	308	False
Q7SB95	Neurospora crassa (strain ATCC 24698 / 74-OR23-1A / CBS 708.71 / DSM 1257 / FGSC 987)	Fungi	117	False
Q9V8P9	Drosophila melanogaster	Metazoa	1038	False
Q96247	Arabidopsis thaliana	Plants	485	True
Q6UW78	Homo sapiens	Metazoa	93	True
Q03825	Saccharomyces cerevisiae (strain ATCC 204508 / S288c)	Fungi	758	False
P38911	Saccharomyces cerevisiae (strain ATCC 204508 / S288c)	Fungi	411	False
Q9NGX9	Drosophila melanogaster	Metazoa	489	False
O96626	Dictyostelium discoideum	Other	138	False
Q14166	Homo sapiens	Metazoa	644	False
P25846	Saccharomyces cerevisiae (strain ATCC 204508 / S288c)	Fungi	959	False
P32908	Saccharomyces cerevisiae (strain ATCC 204508 / S288c)	Fungi	1225	False
B7SXM5	Danio rerio	Metazoa	180	False
Q06364	Daucus carota	Plants	489	False
Q9LRB7	Oryza sativa subsp. japonica	Plants	325	True
O54693	Mus musculus	Metazoa	391	False
Q9UGU0	Homo sapiens	Metazoa	1960	False
P38283	Saccharomyces cerevisiae (strain ATCC 204508 / S288c)	Fungi	698	False
Q86W26	Homo sapiens	Metazoa	655	False
O70258	Mus musculus	Metazoa	437	False
D3YZI9	Mus musculus	Metazoa	523	False
Q9LK34	Arabidopsis thaliana	Plants	483	False
Q8L557	Arabidopsis thaliana	Plants	202	False
Q9CQZ6	Mus musculus	Metazoa	104	True
P84148	Candida albicans	Fungi	181	False
P41903	Saccharomyces cerevisiae (strain ATCC 204508 / S288c)	Fungi	349	False
Q9SYQ0	Arabidopsis thaliana	Plants	463	False
P33339	Saccharomyces cerevisiae (strain ATCC 204508 / S288c)	Fungi	1025	False
P23615	Saccharomyces cerevisiae (strain ATCC 204508 / S288c)	Fungi	1451	False
Q9Y7L4	Schizosaccharomyces pombe (strain 972 / ATCC 24843)	Fungi	409	False
P34981	Homo sapiens	Metazoa	398	False
O04211	Arabidopsis thaliana	Plants	111	False
Q80T79	Mus musculus	Metazoa	3707	True
Q39161	Arabidopsis thaliana	Plants	586	False
Q9FN03	Arabidopsis thaliana	Plants	440	False
P40305	Homo sapiens	Metazoa	122	True
O94704	Schizosaccharomyces pombe (strain 972 / ATCC 24843)	Fungi	168	False
P0DO24	Arabidopsis thaliana	Plants	649	False
Q16611	Homo sapiens	Metazoa	211	False
O94294	Schizosaccharomyces pombe (strain 972 / ATCC 24843)	Fungi	886	False
Q7XA66	Arabidopsis thaliana	Plants	242	False
P36152	Saccharomyces cerevisiae (strain ATCC 204508 / S288c)	Fungi	348	False
Q9WVB3	Mus musculus	Metazoa	581	False
P41896	Saccharomyces cerevisiae (strain ATCC 204508 / S288c)	Fungi	400	False
Q3UN04	Mus musculus	Metazoa	517	True
Q86YT5	Homo sapiens	Metazoa	568	True
Q9C7I5	Arabidopsis thaliana	Plants	189	False
Q99638	Homo sapiens	Metazoa	391	False
Q80WL1	Rattus norvegicus	Metazoa	549	False
O02274	Caenorhabditis elegans	Metazoa	539	False
P49842	Homo sapiens	Metazoa	254	False
O88843	Mus musculus	Metazoa	199	False
A1L167	Homo sapiens	Metazoa	161	False
Q6ZI01	Oryza sativa subsp. japonica	Plants	213	False
Q9H0F5	Homo sapiens	Metazoa	515	False
Q9LU21	Arabidopsis thaliana	Plants	204	False
Q9C108	Schizosaccharomyces pombe (strain 972 / ATCC 24843)	Fungi	163	False
Q5TEU4	Homo sapiens	Metazoa	345	False
P30605	Saccharomyces cerevisiae (strain ATCC 204508 / S288c)	Fungi	584	False
Q9Y508	Homo sapiens	Metazoa	228	False
O74848	Schizosaccharomyces pombe (strain 972 / ATCC 24843)	Fungi	311	False
P97609	Rattus norvegicus	Metazoa	1181	False
Q54ET6	Dictyostelium discoideum	Other	2364	False
Q9VQ30	Drosophila melanogaster	Metazoa	604	False
Q9QVP9	Mus musculus	Metazoa	1009	False
Q562A2	Rattus norvegicus	Metazoa	1073	False
Q4PSU4	Arabidopsis thaliana	Plants	264	False
Q8IVS8	Homo sapiens	Metazoa	523	False
Q02630	Saccharomyces cerevisiae (strain ATCC 204508 / S288c)	Fungi	1113	False
P13164	Homo sapiens	Metazoa	125	True
Q9BQP7	Homo sapiens	Metazoa	344	False
Q8BWT5	Mus musculus	Metazoa	1523	False
A0A0K3AUE4	Caenorhabditis elegans	Metazoa	1968	False
Q15637	Homo sapiens	Metazoa	639	False
Q6C6R8	Yarrowia lipolytica (strain CLIB 122 / E 150)	Fungi	417	False
Q1K7P9	Neurospora crassa (strain ATCC 24698 / 74-OR23-1A / CBS 708.71 / DSM 1257 / FGSC 987)	Fungi	140	False
P02381	Saccharomyces cerevisiae (strain ATCC 204508 / S288c)	Fungi	398	False
P20609	Dictyostelium discoideum	Other	53	False
P38137	Saccharomyces cerevisiae (strain ATCC 204508 / S288c)	Fungi	543	False
Q8IXQ6	Homo sapiens	Metazoa	854	False
Q5IBH7	Mus musculus	Metazoa	310	False
P53112	Saccharomyces cerevisiae (strain ATCC 204508 / S288c)	Fungi	341	False
Q9LRZ3	Arabidopsis thaliana	Plants	641	False
A2AIV2	Mus musculus	Metazoa	1811	False
Q86V97	Homo sapiens	Metazoa	674	False
Q9CX80	Mus musculus	Metazoa	190	False
P78811	Schizosaccharomyces pombe (strain 972 / ATCC 24843)	Fungi	506	False
A9LNK9	Arabidopsis thaliana	Plants	631	False
P07253	Saccharomyces cerevisiae (strain ATCC 204508 / S288c)	Fungi	162	False
P70445	Mus musculus	Metazoa	120	False
P18847	Homo sapiens	Metazoa	181	False
Q22717	Caenorhabditis elegans	Metazoa	170	False
Q940Z2	Arabidopsis thaliana	Plants	724	False
Q96NW4	Homo sapiens	Metazoa	1050	False
P11746	Saccharomyces cerevisiae (strain ATCC 204508 / S288c)	Fungi	286	False
Q20497	Caenorhabditis elegans	Metazoa	3498	False
P22071	Rattus norvegicus	Metazoa	373	False
A8MUP2	Homo sapiens	Metazoa	240	False
P81450	Saccharomyces cerevisiae (strain ATCC 204508 / S288c)	Fungi	59	True
Q6ZN18	Homo sapiens	Metazoa	517	False
J9VLJ9	Cryptococcus neoformans var. grubii serotype A (strain H99 / ATCC 208821 / CBS 10515 / FGSC 9487)	Fungi	154	False
P21691	Saccharomyces cerevisiae (strain ATCC 204508 / S288c)	Fungi	654	False
O88708	Mus musculus	Metazoa	433	False
P40345	Saccharomyces cerevisiae (strain ATCC 204508 / S288c)	Fungi	661	True
Q9BPX3	Homo sapiens	Metazoa	1015	False
F4IV16	Arabidopsis thaliana	Plants	267	False
P82249	Spinacia oleracea	Plants	130	False
O88484	Rattus norvegicus	Metazoa	530	False
Q86YA3	Homo sapiens	Metazoa	2104	False
Q10103	Schizosaccharomyces pombe (strain 972 / ATCC 24843)	Fungi	960	False
Q9ESJ7	Mus musculus	Metazoa	259	False
Q0JFZ0	Oryza sativa subsp. japonica	Plants	247	False
P34218	Saccharomyces cerevisiae (strain ATCC 204508 / S288c)	Fungi	831	False
Q7S6M9	Neurospora crassa (strain ATCC 24698 / 74-OR23-1A / CBS 708.71 / DSM 1257 / FGSC 987)	Fungi	309	False
O42936	Schizosaccharomyces pombe (strain 972 / ATCC 24843)	Fungi	470	False
P00927	Saccharomyces cerevisiae (strain ATCC 204508 / S288c)	Fungi	576	False
A0A078CGE6	Brassica napus	Plants	1299	False
Q24562	Drosophila melanogaster	Metazoa	416	False
Q28177	Bos taurus	Metazoa	415	False
Q9STS7	Arabidopsis thaliana	Plants	353	False
Q9SZ63	Arabidopsis thaliana	Plants	309	False
Q9UTI4	Schizosaccharomyces pombe (strain 972 / ATCC 24843)	Fungi	172	False
Q4L180	Homo sapiens	Metazoa	1135	False
Q08963	Saccharomyces cerevisiae (strain ATCC 204508 / S288c)	Fungi	238	False
P10156	Tetrahymena thermophila (strain SB210)	Other	164	False
O54699	Rattus norvegicus	Metazoa	456	True
Q8R4T1	Mus musculus	Metazoa	145	False
Q22355	Caenorhabditis elegans	Metazoa	377	False
O02696	Sus scrofa	Metazoa	877	False
P53309	Saccharomyces cerevisiae (strain ATCC 204508 / S288c)	Fungi	568	False
P30044	Homo sapiens	Metazoa	214	False
B8ZXI1	Mus musculus	Metazoa	415	False
D3ZUE1	Rattus norvegicus	Metazoa	857	False
P39023	Homo sapiens	Metazoa	403	False
Q03898	Saccharomyces cerevisiae (strain ATCC 204508 / S288c)	Fungi	291	False
Q8NFF5	Homo sapiens	Metazoa	587	False
Q9FGR0	Arabidopsis thaliana	Plants	1442	False
P18888	Saccharomyces cerevisiae (strain ATCC 204508 / S288c)	Fungi	332	False
P51948	Homo sapiens	Metazoa	309	False
Q9LX34	Arabidopsis thaliana	Plants	95	False
Q9FJN9	Arabidopsis thaliana	Plants	220	False
Q9CQJ2	Mus musculus	Metazoa	290	False
P36521	Saccharomyces cerevisiae (strain ATCC 204508 / S288c)	Fungi	249	False
Q96T49	Homo sapiens	Metazoa	567	False
Q8K299	Mus musculus	Metazoa	491	False
Q6UXV4	Homo sapiens	Metazoa	268	False
Q03557	Saccharomyces cerevisiae (strain ATCC 204508 / S288c)	Fungi	464	False
Q9BPZ7	Homo sapiens	Metazoa	522	False
P0C2X8	Xenopus laevis	Metazoa	363	False
O35613	Mus musculus	Metazoa	739	False
P12683	Saccharomyces cerevisiae (strain ATCC 204508 / S288c)	Fungi	1054	True
Q13057	Homo sapiens	Metazoa	564	False
P39996	Saccharomyces cerevisiae (strain ATCC 204508 / S288c)	Fungi	337	False
Q9XIK0	Arabidopsis thaliana	Plants	179	False
Q9W157	Drosophila melanogaster	Metazoa	971	False
Q9VQD6	Drosophila melanogaster	Metazoa	381	False
Q8H443	Oryza sativa subsp. japonica	Plants	436	False
P10176	Homo sapiens	Metazoa	69	True
O15554	Homo sapiens	Metazoa	427	False
Q9ERV1	Mus musculus	Metazoa	416	False
Q96MF7	Homo sapiens	Metazoa	247	False
Q12318	Saccharomyces cerevisiae (strain ATCC 204508 / S288c)	Fungi	242	False
O74968	Schizosaccharomyces pombe (strain 972 / ATCC 24843)	Fungi	249	False
Q8LEA8	Arabidopsis thaliana	Plants	336	False
Q9HAJ7	Homo sapiens	Metazoa	183	False
Q6TAS3	Solanum lycopersicum	Plants	902	False
A4FUC0	Bos taurus	Metazoa	423	False
Q8N9A8	Homo sapiens	Metazoa	125	True
P16458	Sterkiella nova	Other	385	False
Q8VC49	Mus musculus	Metazoa	283	False
Q68D91	Homo sapiens	Metazoa	279	False
F4HXY7	Arabidopsis thaliana	Plants	425	True
Q9FMZ0	Arabidopsis thaliana	Plants	337	False
Q6P4A7	Homo sapiens	Metazoa	337	False
Q03063	Saccharomyces cerevisiae (strain ATCC 204508 / S288c)	Fungi	452	False
Q925N4	Mus musculus	Metazoa	235	True
Q00723	Saccharomyces cerevisiae (strain ATCC 204508 / S288c)	Fungi	242	False
P32904	Saccharomyces cerevisiae (strain ATCC 204508 / S288c)	Fungi	214	False
Q99PV0	Mus musculus	Metazoa	2335	False
Q06991	Saccharomyces cerevisiae (strain ATCC 204508 / S288c)	Fungi	263	True
P39682	Saccharomyces cerevisiae (strain ATCC 204508 / S288c)	Fungi	629	False
P36617	Schizosaccharomyces pombe (strain 972 / ATCC 24843)	Fungi	877	False
G5ECC7	Caenorhabditis elegans	Metazoa	1264	False
Q63430	Rattus norvegicus	Metazoa	154	False
O48917	Arabidopsis thaliana	Plants	477	False
Q9FFC7	Arabidopsis thaliana	Plants	978	False
O97101	Dictyostelium discoideum	Other	1000	False
Q86MI0	Caenorhabditis elegans	Metazoa	468	False
Q9P212	Homo sapiens	Metazoa	2302	False
P46677	Saccharomyces cerevisiae (strain ATCC 204508 / S288c)	Fungi	1066	False
Q12341	Saccharomyces cerevisiae (strain ATCC 204508 / S288c)	Fungi	374	False
Q8IEG9	Plasmodium falciparum (isolate 3D7)	Other	408	False
Q21952	Caenorhabditis elegans	Metazoa	490	False
Q1LZ24	Drosophila melanogaster	Metazoa	586	False
Q9UT48	Schizosaccharomyces pombe (strain 972 / ATCC 24843)	Fungi	357	False
O59800	Schizosaccharomyces pombe (strain 972 / ATCC 24843)	Fungi	354	False
Q9BQ69	Homo sapiens	Metazoa	325	False
Q96KG9	Homo sapiens	Metazoa	808	False
O43521	Homo sapiens	Metazoa	198	False
Q6P0N0	Homo sapiens	Metazoa	1132	False
O59734	Schizosaccharomyces pombe (strain 972 / ATCC 24843)	Fungi	78	False
P87112	Schizosaccharomyces pombe (strain 972 / ATCC 24843)	Fungi	2100	False
P27469	Homo sapiens	Metazoa	103	False
P40028	Saccharomyces cerevisiae (strain ATCC 204508 / S288c)	Fungi	759	False
Q7TQJ8	Mus musculus	Metazoa	398	False
Q8GWE0	Arabidopsis thaliana	Plants	702	False
Q6PGP7	Homo sapiens	Metazoa	1564	False
Q9UUB6	Schizosaccharomyces pombe (strain 972 / ATCC 24843)	Fungi	300	False
Q8N9M5	Homo sapiens	Metazoa	508	False
Q9M8S7	Arabidopsis thaliana	Plants	313	False
P43579	Saccharomyces cerevisiae (strain ATCC 204508 / S288c)	Fungi	692	False
P23180	Saccharomyces cerevisiae (strain ATCC 204508 / S288c)	Fungi	465	False
E9Q2Z1	Mus musculus	Metazoa	1453	False
O36024	Schizosaccharomyces pombe (strain 972 / ATCC 24843)	Fungi	280	False
O74879	Schizosaccharomyces pombe (strain 972 / ATCC 24843)	Fungi	634	False
P43582	Saccharomyces cerevisiae (strain ATCC 204508 / S288c)	Fungi	211	False
A0A509AFM3	Plasmodium berghei (strain Anka)	Other	304	True
P53220	Saccharomyces cerevisiae (strain ATCC 204508 / S288c)	Fungi	239	True
Q9GZZ9	Homo sapiens	Metazoa	404	False
Q9SNB6	Arabidopsis thaliana	Plants	395	False
Q08561	Saccharomyces cerevisiae (strain ATCC 204508 / S288c)	Fungi	116	False
Q3URU2	Mus musculus	Metazoa	1571	False
P82139	Spinacia oleracea	Plants	232	False
Q5QJE6	Homo sapiens	Metazoa	756	False
P38907	Saccharomyces cerevisiae (strain ATCC 204508 / S288c)	Fungi	458	False
Q5SRY7	Mus musculus	Metazoa	542	False
P21357	Solanum tuberosum	Plants	538	False
O14981	Homo sapiens	Metazoa	1849	False
Q06892	Saccharomyces cerevisiae (strain ATCC 204508 / S288c)	Fungi	414	False
D3ZKT0	Rattus norvegicus	Metazoa	337	False
U9W8F2	Neurospora crassa (strain ATCC 24698 / 74-OR23-1A / CBS 708.71 / DSM 1257 / FGSC 987)	Fungi	110	False
Q8BMA3	Mus musculus	Metazoa	555	False
Q21148	Caenorhabditis elegans	Metazoa	308	False
G5ECD9	Caenorhabditis elegans	Metazoa	321	False
O42647	Schizosaccharomyces pombe (strain 972 / ATCC 24843)	Fungi	188	False
C4R3D4	Komagataella phaffii (strain GS115 / ATCC 20864)	Fungi	461	False
Q9LUI2	Arabidopsis thaliana	Plants	1728	False
O95278	Homo sapiens	Metazoa	331	False
Q9FFH0	Arabidopsis thaliana	Plants	386	False
P52901	Arabidopsis thaliana	Plants	389	False
Q9Z1N1	Rattus norvegicus	Metazoa	339	False
Q53JF7	Oryza sativa subsp. japonica	Plants	138	False
P30902	Saccharomyces cerevisiae (strain ATCC 204508 / S288c)	Fungi	174	False
Q8NI27	Homo sapiens	Metazoa	1593	False
Q8WV93	Homo sapiens	Metazoa	481	False
P18492	Hordeum vulgare	Plants	469	False
Q32065	Chlamydomonas reinhardtii	Plants	2971	False
Q9SEL7	Arabidopsis thaliana	Plants	323	False
P40033	Saccharomyces cerevisiae (strain ATCC 204508 / S288c)	Fungi	138	False
O74736	Schizosaccharomyces pombe (strain 972 / ATCC 24843)	Fungi	305	False
Q9BWN1	Homo sapiens	Metazoa	585	False
Q8BUX5	Mus musculus	Metazoa	455	True
Q63425	Rattus norvegicus	Metazoa	1383	False
P33399	Saccharomyces cerevisiae (strain ATCC 204508 / S288c)	Fungi	275	False
Q8IWZ6	Homo sapiens	Metazoa	715	False
P53854	Saccharomyces cerevisiae (strain ATCC 204508 / S288c)	Fungi	179	False
Q8SXD4	Drosophila melanogaster	Metazoa	1122	False
P38727	Saccharomyces cerevisiae (strain ATCC 204508 / S288c)	Fungi	235	True
Q9Y6H6	Homo sapiens	Metazoa	103	True
Q5U623	Homo sapiens	Metazoa	682	False
P49683	Homo sapiens	Metazoa	370	False
Q90578	Gallus gallus	Metazoa	464	False
X5HYT8	Oryza sativa subsp. japonica	Plants	425	False
Q96CA5	Homo sapiens	Metazoa	298	False
Q99615	Homo sapiens	Metazoa	494	False
P39113	Saccharomyces cerevisiae (strain ATCC 204508 / S288c)	Fungi	1433	False
Q3SZ86	Bos taurus	Metazoa	205	False
P32314	Homo sapiens	Metazoa	431	False
G5ECU7	Caenorhabditis elegans	Metazoa	319	False
P23326	Spinacia oleracea	Plants	159	False
Q10432	Schizosaccharomyces pombe (strain 972 / ATCC 24843)	Fungi	735	False
Q8BGD7	Mus musculus	Metazoa	802	False
Q07878	Saccharomyces cerevisiae (strain ATCC 204508 / S288c)	Fungi	3144	False
Q9R1C7	Mus musculus	Metazoa	953	False
P0DOY1	Mus musculus	Metazoa	740	False
O82804	Arabidopsis thaliana	Plants	695	False
O95714	Homo sapiens	Metazoa	4834	False
Q9LS08	Arabidopsis thaliana	Plants	344	False
Q9SRX9	Arabidopsis thaliana	Plants	335	False
O60934	Homo sapiens	Metazoa	754	False
G5EEG7	Caenorhabditis elegans	Metazoa	510	False
Q7Z7H8	Homo sapiens	Metazoa	261	False
P33893	Saccharomyces cerevisiae (strain ATCC 204508 / S288c)	Fungi	541	False
Q9BZZ5	Homo sapiens	Metazoa	524	False
O13769	Schizosaccharomyces pombe (strain 972 / ATCC 24843)	Fungi	638	False
Q92917	Homo sapiens	Metazoa	476	False
P47910	Spinacia oleracea	Plants	101	False
P46995	Saccharomyces cerevisiae (strain ATCC 204508 / S288c)	Fungi	733	False
P57678	Homo sapiens	Metazoa	1058	False
P28074	Homo sapiens	Metazoa	263	False
Q9UID6	Homo sapiens	Metazoa	485	False
Q9DBR0	Mus musculus	Metazoa	687	False
Q9LTT3	Arabidopsis thaliana	Plants	319	False
O80386	Arabidopsis thaliana	Plants	1058	False
Q61161	Mus musculus	Metazoa	821	False
O01971	Caenorhabditis elegans	Metazoa	166	False
Q53EK2	Schizosaccharomyces pombe (strain 972 / ATCC 24843)	Fungi	232	False
P08050	Rattus norvegicus	Metazoa	382	True
Q09715	Schizosaccharomyces pombe (strain 972 / ATCC 24843)	Fungi	614	False
P28070	Homo sapiens	Metazoa	264	False
Q9Z2F6	Mus musculus	Metazoa	448	False
Q8IZY2	Homo sapiens	Metazoa	2146	True
P49435	Saccharomyces cerevisiae (strain ATCC 204508 / S288c)	Fungi	187	False
P87238	Schizosaccharomyces pombe (strain 972 / ATCC 24843)	Fungi	215	False
P32494	Saccharomyces cerevisiae (strain ATCC 204508 / S288c)	Fungi	702	False
P50402	Homo sapiens	Metazoa	254	False
Q8L748	Arabidopsis thaliana	Plants	1101	False
Q7SHB2	Neurospora crassa (strain ATCC 24698 / 74-OR23-1A / CBS 708.71 / DSM 1257 / FGSC 987)	Fungi	348	False
O00198	Homo sapiens	Metazoa	91	True
Q04922	Saccharomyces cerevisiae (strain ATCC 204508 / S288c)	Fungi	465	False
Q9UBF9	Homo sapiens	Metazoa	498	False
Q9SRY4	Arabidopsis thaliana	Plants	453	False
Q9ZQH0	Arabidopsis thaliana	Plants	232	False
P50105	Saccharomyces cerevisiae (strain ATCC 204508 / S288c)	Fungi	388	False
Q53AQ4	Rattus norvegicus	Metazoa	245	True
Q12090	Saccharomyces cerevisiae (strain ATCC 204508 / S288c)	Fungi	404	False
Q9Y7J2	Schizosaccharomyces pombe (strain 972 / ATCC 24843)	Fungi	160	False
Q10198	Schizosaccharomyces pombe (strain 972 / ATCC 24843)	Fungi	624	False
Q9UJX4	Homo sapiens	Metazoa	755	False
Q9CQ91	Mus musculus	Metazoa	84	True
Q6EIG7	Homo sapiens	Metazoa	209	False
P92973	Arabidopsis thaliana	Plants	608	False
D4A2Y9	Rattus norvegicus	Metazoa	403	False
Q8K0B2	Mus musculus	Metazoa	537	False
Q4VAE3	Mus musculus	Metazoa	234	False
P25651	Saccharomyces cerevisiae (strain ATCC 204508 / S288c)	Fungi	190	False
F4HXU3	Arabidopsis thaliana	Plants	142	False
P70169	Mus musculus	Metazoa	412	False
Q1MTQ9	Schizosaccharomyces pombe (strain 972 / ATCC 24843)	Fungi	180	False
O74828	Schizosaccharomyces pombe (strain 972 / ATCC 24843)	Fungi	682	False
Q9USY4	Schizosaccharomyces pombe (strain 972 / ATCC 24843)	Fungi	527	False
Q925G0	Rattus norvegicus	Metazoa	155	False
P33448	Saccharomyces cerevisiae (strain ATCC 204508 / S288c)	Fungi	61	True
Q67Y99	Arabidopsis thaliana	Plants	330	False
Q9NWT1	Homo sapiens	Metazoa	392	False
Q2Q5T5	Mus musculus	Metazoa	84	True
Q8RXH2	Arabidopsis thaliana	Plants	716	False
Q9HEV5	Neurospora crassa (strain ATCC 24698 / 74-OR23-1A / CBS 708.71 / DSM 1257 / FGSC 987)	Fungi	426	False
P39011	Saccharomyces cerevisiae (strain ATCC 204508 / S288c)	Fungi	633	False
Q9NZN3	Homo sapiens	Metazoa	535	False
Q6PII3	Homo sapiens	Metazoa	467	False
P38751	Saccharomyces cerevisiae (strain ATCC 204508 / S288c)	Fungi	150	False
Q9H8E8	Homo sapiens	Metazoa	782	False
Q06214	Saccharomyces cerevisiae (strain ATCC 204508 / S288c)	Fungi	492	False
Q9NSN8	Homo sapiens	Metazoa	517	False
P02786	Homo sapiens	Metazoa	760	False
A4IFH6	Bos taurus	Metazoa	52	True
Q9SR43	Arabidopsis thaliana	Plants	329	False
Q8NEZ2	Homo sapiens	Metazoa	397	False
P40505	Saccharomyces cerevisiae (strain ATCC 204508 / S288c)	Fungi	327	False
Q8LC79	Arabidopsis thaliana	Plants	295	False
Q7RXU7	Neurospora crassa (strain ATCC 24698 / 74-OR23-1A / CBS 708.71 / DSM 1257 / FGSC 987)	Fungi	396	False
Q9VEC1	Drosophila melanogaster	Metazoa	642	False
Q99598	Homo sapiens	Metazoa	290	False
O94225	Penicillium rubens (strain ATCC 28089 / DSM 1075 / NRRL 1951 / Wisconsin 54-1255)	Fungi	474	False
P70582	Rattus norvegicus	Metazoa	510	False
Q9Y5U8	Homo sapiens	Metazoa	109	True
Q9ULJ3	Homo sapiens	Metazoa	1066	False
Q92934	Homo sapiens	Metazoa	168	False
Q9DBG9	Mus musculus	Metazoa	124	False
Q9HFE6	Schizosaccharomyces pombe (strain 972 / ATCC 24843)	Fungi	478	False
O43719	Homo sapiens	Metazoa	755	False
Q9C516	Arabidopsis thaliana	Plants	848	False
Q8IZ52	Homo sapiens	Metazoa	775	False
Q8NF50	Homo sapiens	Metazoa	2099	False
P30542	Homo sapiens	Metazoa	326	False
Q9FNJ9	Arabidopsis thaliana	Plants	482	False
F4K410	Arabidopsis thaliana	Plants	675	False
Q9JI13	Mus musculus	Metazoa	469	False
Q93YN0	Arabidopsis thaliana	Plants	187	False
Q9BT17	Homo sapiens	Metazoa	334	False
P58334	Mus musculus	Metazoa	251	False
Q9P6N2	Schizosaccharomyces pombe (strain 972 / ATCC 24843)	Fungi	229	False
P25626	Saccharomyces cerevisiae (strain ATCC 204508 / S288c)	Fungi	169	False
O42666	Schizosaccharomyces pombe (strain 972 / ATCC 24843)	Fungi	243	False
Q9VNH1	Drosophila melanogaster	Metazoa	300	False
Q9JMA2	Mus musculus	Metazoa	403	False
Q9SM44	Spinacia oleracea	Plants	522	False
Q9HEQ9	Schizosaccharomyces pombe (strain 972 / ATCC 24843)	Fungi	349	False
Q5I2A0	Mus musculus	Metazoa	440	False
Q86NP2	Drosophila melanogaster	Metazoa	1251	False
P24482	Saccharomyces cerevisiae (strain ATCC 204508 / S288c)	Fungi	689	False
Q03565	Caenorhabditis elegans	Metazoa	89	False
Q9HDW8	Schizosaccharomyces pombe (strain 972 / ATCC 24843)	Fungi	146	False
Q12476	Saccharomyces cerevisiae (strain ATCC 204508 / S288c)	Fungi	344	False
Q9BWC9	Homo sapiens	Metazoa	280	False
Q90941	Gallus gallus	Metazoa	1633	False
O43808	Homo sapiens	Metazoa	307	False
Q7Z3D4	Homo sapiens	Metazoa	306	False
P36068	Saccharomyces cerevisiae (strain ATCC 204508 / S288c)	Fungi	246	False
P27815	Homo sapiens	Metazoa	886	False
O35625	Mus musculus	Metazoa	863	False
Q7SGH0	Neurospora crassa (strain ATCC 24698 / 74-OR23-1A / CBS 708.71 / DSM 1257 / FGSC 987)	Fungi	98	False
O13998	Schizosaccharomyces pombe (strain 972 / ATCC 24843)	Fungi	392	False
Q91W39	Mus musculus	Metazoa	579	False
P27788	Zea mays	Plants	152	False
P40692	Homo sapiens	Metazoa	756	False
Q07335	Neurospora crassa (strain ATCC 24698 / 74-OR23-1A / CBS 708.71 / DSM 1257 / FGSC 987)	Fungi	154	True
Q94IN5	Euglena gracilis	Other	1803	False
P54103	Mus musculus	Metazoa	621	False
Q7T0L4	Gallus gallus	Metazoa	329	False
Q9C9T3	Arabidopsis thaliana	Plants	67	False
Q02884	Saccharomyces cerevisiae (strain ATCC 204508 / S288c)	Fungi	456	False
P53838	Saccharomyces cerevisiae (strain ATCC 204508 / S288c)	Fungi	576	True
Q810F1	Cavia porcellus	Metazoa	705	True
Q14674	Homo sapiens	Metazoa	2120	False
Q29RF7	Homo sapiens	Metazoa	1337	False
Q9LSC4	Arabidopsis thaliana	Plants	344	False
Q3V0B4	Mus musculus	Metazoa	1847	False
Q6NZF1	Mus musculus	Metazoa	792	False
O49562	Arabidopsis thaliana	Plants	403	False
Q70Z53	Homo sapiens	Metazoa	315	False
P38193	Saccharomyces cerevisiae (strain ATCC 204508 / S288c)	Fungi	441	False
Q7L5N1	Homo sapiens	Metazoa	327	False
Q9UU99	Schizosaccharomyces pombe (strain 972 / ATCC 24843)	Fungi	1008	False
Q5N829	Oryza sativa subsp. japonica	Plants	953	False
P40492	Saccharomyces cerevisiae (strain ATCC 204508 / S288c)	Fungi	516	False
Q14116	Homo sapiens	Metazoa	193	False
Q8TEB9	Homo sapiens	Metazoa	315	True
Q26635	Sarcophaga peregrina	Metazoa	354	False
P53834	Saccharomyces cerevisiae (strain ATCC 204508 / S288c)	Fungi	153	False
Q12262	Saccharomyces cerevisiae (strain ATCC 204508 / S288c)	Fungi	181	False
Q9BRD0	Homo sapiens	Metazoa	619	False
Q40477	Nicotiana tabacum	Plants	225	False
Q8H7F6	Arabidopsis thaliana	Plants	293	False
Q9XI00	Arabidopsis thaliana	Plants	328	False
Q5AJU7	Candida albicans (strain SC5314 / ATCC MYA-2876)	Fungi	499	False
Q9NRY6	Homo sapiens	Metazoa	295	False
Q25423	Leishmania tarentolae	Other	187	False
Q8SX83	Drosophila melanogaster	Metazoa	5560	False
P60323	Homo sapiens	Metazoa	173	False
P40630	Mus musculus	Metazoa	243	False
Q9WUF3	Mus musculus	Metazoa	1962	False
Q10214	Schizosaccharomyces pombe (strain 972 / ATCC 24843)	Fungi	131	False
Q9Y3I1	Homo sapiens	Metazoa	522	False
Q43715	Pisum sativum	Plants	809	False
Q9HB21	Homo sapiens	Metazoa	404	False
P53307	Saccharomyces cerevisiae (strain ATCC 204508 / S288c)	Fungi	113	False
Q01992	Rattus norvegicus	Metazoa	710	False
Q9XIN0	Arabidopsis thaliana	Plants	650	False
Q9JII1	Mus musculus	Metazoa	647	False
Q9NPI6	Homo sapiens	Metazoa	582	False
A8WFJ9	Caenorhabditis elegans	Metazoa	437	False
P48437	Mus musculus	Metazoa	737	False
Q9Y802	Schizosaccharomyces pombe (strain 972 / ATCC 24843)	Fungi	1000	False
P48771	Mus musculus	Metazoa	83	True
A0A0D1DMJ6	Mycosarcoma maydis	Fungi	757	False
P38323	Saccharomyces cerevisiae (strain ATCC 204508 / S288c)	Fungi	520	False
Q9VVA8	Drosophila melanogaster	Metazoa	78	True
Q9UHP7	Homo sapiens	Metazoa	191	False
Q7Z713	Homo sapiens	Metazoa	158	False
P79083	Schizosaccharomyces pombe (strain 972 / ATCC 24843)	Fungi	328	False
Q62711	Rattus norvegicus	Metazoa	772	False
P55160	Homo sapiens	Metazoa	1127	False
Q94535	Drosophila melanogaster	Metazoa	264	False
P49815	Homo sapiens	Metazoa	1807	False
Q8LPR8	Arabidopsis thaliana	Plants	871	False
Q8LDU4	Arabidopsis thaliana	Plants	319	False
Q16514	Homo sapiens	Metazoa	161	False
Q9V6U9	Drosophila melanogaster	Metazoa	357	False
G5EF68	Caenorhabditis elegans	Metazoa	648	False
Q8WYK0	Homo sapiens	Metazoa	555	False
E9QAU8	Mus musculus	Metazoa	347	False
Q6UJY2	Mus musculus	Metazoa	1175	False
Q9NH52	Caenorhabditis elegans	Metazoa	898	False
P09364	Sinapis alba	Plants	502	False
P25042	Saccharomyces cerevisiae (strain ATCC 204508 / S288c)	Fungi	368	False
Q7S7U5	Neurospora crassa (strain ATCC 24698 / 74-OR23-1A / CBS 708.71 / DSM 1257 / FGSC 987)	Fungi	71	True
Q9SHZ6	Arabidopsis thaliana	Plants	343	False
Q84W56	Arabidopsis thaliana	Plants	911	False
P32899	Saccharomyces cerevisiae (strain ATCC 204508 / S288c)	Fungi	183	False
P47019	Saccharomyces cerevisiae (strain ATCC 204508 / S288c)	Fungi	175	False
Q07307	Emericella nidulans (strain FGSC A4 / ATCC 38163 / CBS 112.46 / NRRL 194 / M139)	Fungi	574	True
Q8VZL6	Arabidopsis thaliana	Plants	441	False
Q12046	Saccharomyces cerevisiae (strain ATCC 204508 / S288c)	Fungi	339	False
O81208	Arabidopsis thaliana	Plants	110	True
P46414	Mus musculus	Metazoa	197	False
Q811D2	Mus musculus	Metazoa	1581	False
O77059	Drosophila melanogaster	Metazoa	542	False
P91853	Caenorhabditis elegans	Metazoa	356	False
Q9UK99	Homo sapiens	Metazoa	471	False
Q6P1K2	Homo sapiens	Metazoa	205	False
P61221	Homo sapiens	Metazoa	599	False
Q3URQ0	Mus musculus	Metazoa	928	False
Q9BRV3	Homo sapiens	Metazoa	221	False
Q8C5S7	Mus musculus	Metazoa	591	False
Q23272	Caenorhabditis elegans	Metazoa	488	False
Q8NFH3	Homo sapiens	Metazoa	380	False
P37840	Homo sapiens	Metazoa	140	False
P22936	Saccharomyces cerevisiae (strain ATCC 204508 / S288c)	Fungi	367	False
Q9UMN6	Homo sapiens	Metazoa	2715	False
Q05175	Rattus norvegicus	Metazoa	220	False
Q3KPK4	Xenopus laevis	Metazoa	280	False
Q13569	Homo sapiens	Metazoa	410	False
Q8NDV2	Homo sapiens	Metazoa	337	False
Q91VD9	Mus musculus	Metazoa	727	False
O35615	Mus musculus	Metazoa	995	False
Q969F1	Homo sapiens	Metazoa	213	False
Q9QXY4	Rattus norvegicus	Metazoa	580	False
P35183	Saccharomyces cerevisiae (strain ATCC 204508 / S288c)	Fungi	429	False
Q9UH77	Homo sapiens	Metazoa	587	False
Q9H0F6	Homo sapiens	Metazoa	387	False
P39995	Saccharomyces cerevisiae (strain ATCC 204508 / S288c)	Fungi	279	False
Q07930	Saccharomyces cerevisiae (strain ATCC 204508 / S288c)	Fungi	204	False
P56785	Arabidopsis thaliana	Plants	1786	False
Q3ECR7	Arabidopsis thaliana	Plants	62	True
P54274	Homo sapiens	Metazoa	439	False
Q9M591	Arabidopsis thaliana	Plants	409	False
P12297	Drosophila melanogaster	Metazoa	963	False
Q7TP54	Rattus norvegicus	Metazoa	1310	False
P06269	Nicotiana tabacum	Plants	337	False
P12624	Bos taurus	Metazoa	333	False
P52960	Saccharomyces cerevisiae (strain ATCC 204508 / S288c)	Fungi	996	False
P57080	Mus musculus	Metazoa	1055	False
P04117	Mus musculus	Metazoa	132	False
Q94JY0	Arabidopsis thaliana	Plants	330	False
P09925	Mus musculus	Metazoa	306	True
P62750	Homo sapiens	Metazoa	156	False
O74350	Schizosaccharomyces pombe (strain 972 / ATCC 24843)	Fungi	299	False
Q6PJF5	Homo sapiens	Metazoa	856	False
Q04049	Saccharomyces cerevisiae (strain ATCC 204508 / S288c)	Fungi	632	False
P04080	Homo sapiens	Metazoa	98	False
Q6PI77	Homo sapiens	Metazoa	547	False
P0C512	Oryza sativa subsp. japonica	Plants	477	False
F4JT76	Arabidopsis thaliana	Plants	1034	False
Q80TR8	Mus musculus	Metazoa	1506	False
P12524	Homo sapiens	Metazoa	364	False
Q9VC61	Drosophila melanogaster	Metazoa	755	False
Q86UT6	Homo sapiens	Metazoa	975	False
Q01329	Saccharomyces cerevisiae (strain ATCC 204508 / S288c)	Fungi	785	False
P21957	Saccharomyces cerevisiae (strain ATCC 204508 / S288c)	Fungi	404	False
Q04408	Saccharomyces cerevisiae (strain ATCC 204508 / S288c)	Fungi	483	False
Q94AQ9	Arabidopsis thaliana	Plants	260	False
Q9FMS5	Arabidopsis thaliana	Plants	672	False
Q8IW03	Homo sapiens	Metazoa	269	False
Q811A2	Rattus norvegicus	Metazoa	172	False
Q6PIU2	Homo sapiens	Metazoa	408	False
Q9FLY0	Arabidopsis thaliana	Plants	325	False
Q9VW51	Drosophila melanogaster	Metazoa	1059	False
Q9LD83	Arabidopsis thaliana	Plants	556	False
P32524	Saccharomyces cerevisiae (strain ATCC 204508 / S288c)	Fungi	280	False
P32903	Saccharomyces cerevisiae (strain ATCC 204508 / S288c)	Fungi	40	True
Q86VI4	Homo sapiens	Metazoa	317	False
Q9C900	Arabidopsis thaliana	Plants	193	False
G5EGP4	Caenorhabditis elegans	Metazoa	865	False
P10518	Mus musculus	Metazoa	330	False
Q9H5V7	Homo sapiens	Metazoa	419	False
Q12754	Saccharomyces cerevisiae (strain ATCC 204508 / S288c)	Fungi	1228	False
Q96D96	Homo sapiens	Metazoa	273	False
Q96QT6	Homo sapiens	Metazoa	1004	False
O94643	Schizosaccharomyces pombe (strain 972 / ATCC 24843)	Fungi	441	False
Q96EY7	Homo sapiens	Metazoa	689	False
Q18919	Caenorhabditis elegans	Metazoa	558	False
F4JHH5	Arabidopsis thaliana	Plants	787	False
Q14432	Homo sapiens	Metazoa	1141	True
P52553	Saccharomyces cerevisiae (strain ATCC 204508 / S288c)	Fungi	114	False
G5EGK6	Caenorhabditis elegans	Metazoa	2407	False
P43686	Homo sapiens	Metazoa	418	False
P38264	Saccharomyces cerevisiae (strain ATCC 204508 / S288c)	Fungi	188	True
Q9UP83	Homo sapiens	Metazoa	860	False
Q9UST7	Schizosaccharomyces pombe (strain 972 / ATCC 24843)	Fungi	1339	False
Q6XUX1	Mus musculus	Metazoa	927	False
P38282	Saccharomyces cerevisiae (strain ATCC 204508 / S288c)	Fungi	291	False
P47007	Saccharomyces cerevisiae (strain ATCC 204508 / S288c)	Fungi	382	False
Q9R1C0	Mus musculus	Metazoa	341	False
Q9SU30	Arabidopsis thaliana	Plants	413	False
Q96301	Arabidopsis thaliana	Plants	914	False
Q8CGB3	Mus musculus	Metazoa	1411	False
Q9UUH3	Schizosaccharomyces pombe (strain 972 / ATCC 24843)	Fungi	277	False
Q9VN45	Drosophila melanogaster	Metazoa	553	False
Q9NZD1	Homo sapiens	Metazoa	345	False
Q53HV7	Homo sapiens	Metazoa	270	False
K4CF70	Solanum lycopersicum	Plants	476	False
O95180	Homo sapiens	Metazoa	2353	False
P47149	Saccharomyces cerevisiae (strain ATCC 204508 / S288c)	Fungi	201	False
Q9LQF2	Arabidopsis thaliana	Plants	551	False
Q01560	Saccharomyces cerevisiae (strain ATCC 204508 / S288c)	Fungi	414	False
P21580	Homo sapiens	Metazoa	790	False
P53188	Saccharomyces cerevisiae (strain ATCC 204508 / S288c)	Fungi	120	False
Q7JXA8	Drosophila melanogaster	Metazoa	418	False
O65370	Arabidopsis thaliana	Plants	138	False
Q9P0N9	Homo sapiens	Metazoa	293	False
P15291	Homo sapiens	Metazoa	398	False
P32767	Saccharomyces cerevisiae (strain ATCC 204508 / S288c)	Fungi	1081	False
Q5ND34	Mus musculus	Metazoa	1934	False
Q9WUB9	Mesocricetus auratus	Metazoa	483	False
Q02950	Saccharomyces cerevisiae (strain ATCC 204508 / S288c)	Fungi	344	False
O94258	Schizosaccharomyces pombe (strain 972 / ATCC 24843)	Fungi	978	False
Q00055	Saccharomyces cerevisiae (strain ATCC 204508 / S288c)	Fungi	391	False
O96623	Dictyostelium discoideum	Other	293	False
Q10426	Schizosaccharomyces pombe (strain 972 / ATCC 24843)	Fungi	1040	False
Q12361	Saccharomyces cerevisiae (strain ATCC 204508 / S288c)	Fungi	961	False
Q9SK50	Arabidopsis thaliana	Plants	539	False
G5EGS7	Caenorhabditis elegans	Metazoa	324	False
Q5BKR2	Mus musculus	Metazoa	547	False
Q10L01	Oryza sativa subsp. japonica	Plants	382	True
Q8I1X7	Plasmodium falciparum (isolate 3D7)	Other	579	False
Q9H7Z3	Homo sapiens	Metazoa	1164	False
O77389	Plasmodium falciparum (isolate 3D7)	Other	309	True
Q4G0N4	Homo sapiens	Metazoa	442	False
Q99728	Homo sapiens	Metazoa	777	False
D3J162	Medicago truncatula	Plants	541	False
P35195	Saccharomyces cerevisiae (strain ATCC 204508 / S288c)	Fungi	104	False
P25642	Saccharomyces cerevisiae (strain ATCC 204508 / S288c)	Fungi	146	False
Q9FFK6	Arabidopsis thaliana	Plants	810	False
P32432	Saccharomyces cerevisiae (strain ATCC 204508 / S288c)	Fungi	683	False
Q9VXE6	Drosophila melanogaster	Metazoa	1883	False
Q99MI9	Cricetulus longicaudatus	Metazoa	692	False
P38889	Saccharomyces cerevisiae (strain ATCC 204508 / S288c)	Fungi	622	False
Q3U827	Mus musculus	Metazoa	592	False
P53238	Saccharomyces cerevisiae (strain ATCC 204508 / S288c)	Fungi	335	False
O94301	Schizosaccharomyces pombe (strain 972 / ATCC 24843)	Fungi	339	False
Q93008	Homo sapiens	Metazoa	2554	False
Q20591	Caenorhabditis elegans	Metazoa	86	True
Q10362	Schizosaccharomyces pombe (strain 972 / ATCC 24843)	Fungi	859	False
Q9Y5A7	Homo sapiens	Metazoa	615	False
D3ZKB9	Rattus norvegicus	Metazoa	1072	False
Q9W539	Drosophila melanogaster	Metazoa	1518	False
Q8NB78	Homo sapiens	Metazoa	822	False
Q3TY86	Mus musculus	Metazoa	605	False
P05085	Saccharomyces cerevisiae (strain ATCC 204508 / S288c)	Fungi	880	False
Q9FZD1	Arabidopsis thaliana	Plants	630	False
P35637	Homo sapiens	Metazoa	526	False
Q9NZ42	Homo sapiens	Metazoa	101	True
Q8WXD0	Homo sapiens	Metazoa	754	False
Q03702	Saccharomyces cerevisiae (strain ATCC 204508 / S288c)	Fungi	353	False
Q9UN81	Homo sapiens	Metazoa	338	False
Q27607	Drosophila melanogaster	Metazoa	1145	False
Q84JH7	Arabidopsis thaliana	Plants	225	False
P36094	Saccharomyces cerevisiae (strain ATCC 204508 / S288c)	Fungi	363	False
Q6DYE8	Mus musculus	Metazoa	874	False
Q9Y530	Homo sapiens	Metazoa	152	False
Q8H124	Arabidopsis thaliana	Plants	280	False
O95376	Homo sapiens	Metazoa	493	False
Q04894	Saccharomyces cerevisiae (strain ATCC 204508 / S288c)	Fungi	360	False
Q9ER31	Rattus norvegicus	Metazoa	455	False
Q9P1T7	Homo sapiens	Metazoa	246	False
Q8C1E7	Mus musculus	Metazoa	343	False
Q19087	Caenorhabditis elegans	Metazoa	470	False
A0A075TMP0	Penicillium expansum	Fungi	340	False
Q8RWG2	Arabidopsis thaliana	Plants	652	False
Q8WXX7	Homo sapiens	Metazoa	1259	False
Q9LEZ1	Arabidopsis thaliana	Plants	144	False
Q91YE5	Mus musculus	Metazoa	1889	False
P40502	Saccharomyces cerevisiae (strain ATCC 204508 / S288c)	Fungi	157	True
P80484	Amphidinium carterae	Other	370	False
Q2M1K9	Homo sapiens	Metazoa	1284	False
D3ZNV2	Rattus norvegicus	Metazoa	288	False
Q9S7B5	Arabidopsis thaliana	Plants	526	False
Q9BPY3	Homo sapiens	Metazoa	351	False
P38852	Saccharomyces cerevisiae (strain ATCC 204508 / S288c)	Fungi	340	False
Q86VP1	Homo sapiens	Metazoa	789	False
P30706	Pisum sativum	Plants	457	False
Q8L3P4	Arabidopsis thaliana	Plants	654	False
Q66PJ3	Homo sapiens	Metazoa	237	False
Q9NY87	Homo sapiens	Metazoa	97	False
P16989	Homo sapiens	Metazoa	372	False
Q9SKT1	Arabidopsis thaliana	Plants	336	False
Q9M158	Arabidopsis thaliana	Plants	466	False
Q8BLG0	Mus musculus	Metazoa	1010	False
P30997	Gallus gallus	Metazoa	906	False
O13722	Schizosaccharomyces pombe (strain 972 / ATCC 24843)	Fungi	450	False
O22152	Arabidopsis thaliana	Plants	229	False
Q99MY0	Mus musculus	Metazoa	378	False
Q16533	Homo sapiens	Metazoa	368	False
Q53FT3	Homo sapiens	Metazoa	197	False
Q9S745	Arabidopsis thaliana	Plants	541	False
Q3SYG4	Homo sapiens	Metazoa	887	False
Q94AC8	Arabidopsis thaliana	Plants	274	False
Q7LL22	Schizosaccharomyces pombe (strain 972 / ATCC 24843)	Fungi	462	False
O14174	Schizosaccharomyces pombe (strain 972 / ATCC 24843)	Fungi	473	False
P35735	Saccharomyces cerevisiae (strain ATCC 204508 / S288c)	Fungi	353	True
G5EGA3	Caenorhabditis elegans	Metazoa	704	False
P40486	Saccharomyces cerevisiae (strain ATCC 204508 / S288c)	Fungi	507	False
P34447	Caenorhabditis elegans	Metazoa	867	False
Q9GRZ3	Caenorhabditis elegans	Metazoa	1641	False
Q9UTE3	Schizosaccharomyces pombe (strain 972 / ATCC 24843)	Fungi	620	False
Q06568	Saccharomyces cerevisiae (strain ATCC 204508 / S288c)	Fungi	189	False
G4SLH0	Caenorhabditis elegans	Metazoa	18562	False
Q9LLY4	Brassica napus	Plants	344	False
Q0WQG8	Arabidopsis thaliana	Plants	467	True
Q9P7G6	Schizosaccharomyces pombe (strain 972 / ATCC 24843)	Fungi	566	False
Q54HS3	Dictyostelium discoideum	Other	1486	False
Q96I76	Homo sapiens	Metazoa	525	False
Q3E7Y6	Saccharomyces cerevisiae (strain ATCC 204508 / S288c)	Fungi	73	False
P17429	Emericella nidulans (strain FGSC A4 / ATCC 38163 / CBS 112.46 / NRRL 194 / M139)	Fungi	876	False
P47164	Saccharomyces cerevisiae (strain ATCC 204508 / S288c)	Fungi	639	False
Q8N6F7	Homo sapiens	Metazoa	178	False
Q62769	Rattus norvegicus	Metazoa	1622	False
O04616	Arabidopsis thaliana	Plants	164	False
Q8NGU9	Homo sapiens	Metazoa	434	False
P10834	Saccharomyces cerevisiae (strain ATCC 204508 / S288c)	Fungi	293	False
P33412	Saccharomyces cerevisiae (strain ATCC 204508 / S288c)	Fungi	323	False
Q9JM73	Mus musculus	Metazoa	504	False
Q86WR6	Homo sapiens	Metazoa	236	False
O13985	Schizosaccharomyces pombe (strain 972 / ATCC 24843)	Fungi	512	False
Q659A1	Homo sapiens	Metazoa	982	False
Q9SIW2	Arabidopsis thaliana	Plants	888	False
Q07800	Saccharomyces cerevisiae (strain ATCC 204508 / S288c)	Fungi	427	False
P55241	Zea mays	Plants	516	False
Q75Q41	Rattus norvegicus	Metazoa	142	True
P06701	Saccharomyces cerevisiae (strain ATCC 204508 / S288c)	Fungi	978	False
Q9SUT5	Arabidopsis thaliana	Plants	358	False
E9Q9M8	Mus musculus	Metazoa	600	False
Q61624	Mus musculus	Metazoa	794	False
Q12509	Saccharomyces cerevisiae (strain ATCC 204508 / S288c)	Fungi	438	False
Q09146	Schizosaccharomyces pombe (strain 972 / ATCC 24843)	Fungi	399	False
Q8VHW8	Rattus norvegicus	Metazoa	275	True
Q3ZC04	Bos taurus	Metazoa	102	False
Q6TA49	Sus scrofa	Metazoa	289	True
Q8BY35	Mus musculus	Metazoa	655	False
W0RYD3	Oryza sativa subsp. japonica	Plants	2135	False
Q9UT19	Schizosaccharomyces pombe (strain 972 / ATCC 24843)	Fungi	764	False
O14277	Schizosaccharomyces pombe (strain 972 / ATCC 24843)	Fungi	203	False
Q9JIY2	Mus musculus	Metazoa	491	False
Q9VLD6	Drosophila melanogaster	Metazoa	315	False
F4HU58	Arabidopsis thaliana	Plants	420	False
P78963	Schizosaccharomyces pombe (strain 972 / ATCC 24843)	Fungi	625	False
Q60865	Mus musculus	Metazoa	707	False
Q9Y7Y5	Schizosaccharomyces pombe (strain 972 / ATCC 24843)	Fungi	369	False
Q9W1R4	Drosophila melanogaster	Metazoa	1395	False
Q9Y3E5	Homo sapiens	Metazoa	179	True
P32179	Saccharomyces cerevisiae (strain ATCC 204508 / S288c)	Fungi	357	False
O88441	Mus musculus	Metazoa	263	False
Q9BYE2	Homo sapiens	Metazoa	586	False
Q8K4V4	Rattus norvegicus	Metazoa	539	False
Q8MSU4	Drosophila melanogaster	Metazoa	1165	False
Q9LJ97	Arabidopsis thaliana	Plants	262	False
Q9C0C2	Homo sapiens	Metazoa	1729	False
Q9WVL3	Mus musculus	Metazoa	1083	False
P30658	Mus musculus	Metazoa	519	False
Q9Y6K5	Homo sapiens	Metazoa	1087	False
Q04172	Saccharomyces cerevisiae (strain ATCC 204508 / S288c)	Fungi	456	False
P38937	Schizosaccharomyces pombe (strain 972 / ATCC 24843)	Fungi	262	False
Q04867	Saccharomyces cerevisiae (strain ATCC 204508 / S288c)	Fungi	317	False
Q96I36	Homo sapiens	Metazoa	57	True
Q1G3K8	Arabidopsis thaliana	Plants	216	False
Q59NP1	Candida albicans (strain SC5314 / ATCC MYA-2876)	Fungi	251	True
Q15398	Homo sapiens	Metazoa	846	False
Q3MIR4	Homo sapiens	Metazoa	351	True
B3DH96	Danio rerio	Metazoa	325	False
Q8NCN4	Homo sapiens	Metazoa	708	False
P0CY15	Schizosaccharomyces pombe (strain 972 / ATCC 24843)	Fungi	42	False
Q9Z2F5	Rattus norvegicus	Metazoa	430	False
Q15650	Homo sapiens	Metazoa	581	False
P53067	Saccharomyces cerevisiae (strain ATCC 204508 / S288c)	Fungi	1004	False
Q9VAB8	Drosophila melanogaster	Metazoa	457	False
Q96P11	Homo sapiens	Metazoa	429	False
Q96QP1	Homo sapiens	Metazoa	1244	False
Q68E01	Homo sapiens	Metazoa	1043	False
Q9SIU2	Arabidopsis thaliana	Plants	848	False
Q39129	Arabidopsis thaliana	Plants	120	False
P17694	Bos taurus	Metazoa	463	False
P13498	Homo sapiens	Metazoa	195	True
Q9H8H0	Homo sapiens	Metazoa	719	False
P29144	Homo sapiens	Metazoa	1249	False
Q9XIE2	Arabidopsis thaliana	Plants	1469	False
Q99417	Homo sapiens	Metazoa	103	False
F4KHG6	Arabidopsis thaliana	Plants	489	False
Q9FME2	Arabidopsis thaliana	Plants	460	False
Q6UWZ7	Homo sapiens	Metazoa	409	False
Q9FZ96	Arabidopsis thaliana	Plants	356	True
P25046	Saccharomyces cerevisiae (strain ATCC 204508 / S288c)	Fungi	220	False
Q60465	Cricetulus longicaudatus	Metazoa	590	False
O15504	Homo sapiens	Metazoa	423	False
